id,place_name,scene_description,desc_source_url
st_13192,비단길현대시장(호남수산),재래시장 안 수산물 가게가 극 중 '할머니 가게'로 등장하는 장면을 촬영한 곳이다.,https://blog.naver.com/hsc_one1/223705879613
st_13193,신도림로11다길,구로구 신도림동 공장지대 골목길이 딱지남을 쫓는 1화 추격 장면의 배경으로 촬영되었다.,https://blog.naver.com/hsc_one1/223706199861
st_13194,경일워터젯,1화 딱지남 추격 장면에서 구로구 신도림동 경일워터젯 앞 골목이 배경으로 등장한다.,https://blog.naver.com/hsc_one1/223706199861
st_13195,보성금형사,1화 추격 장면에서 구로구 신도림동 공장지대의 보성금형 건물 외관이 배경으로 등장한다.,https://blog.naver.com/hsc_one1/223706199861
st_13196,풍아산업앞,구로구 신도림동 공장지대 골목길이 딱지남을 쫓는 1화 추격 장면의 배경으로 촬영되었다.,https://blog.naver.com/hsc_one1/223706199861
st_13197,서강대교,,
st_13198,가온문화공원 사거리,상암동 가온문화공원 일대가 추격전 장면의 배경으로 촬영된 것으로 확인된다.,https://blog.naver.com/hsc_one1/223705879613
st_13199,월드컵북로60길,월드컵북로 도로변이 추격전 장면의 배경으로 촬영된 것으로 확인된다.,https://blog.naver.com/hsc_one1/223705879613
st_13200,성암로,,
st_13201,양화로,홍대 앞 양화로 일대가 추격전 장면의 배경으로 촬영된 것으로 확인된다.,https://blog.naver.com/hsc_one1/223705879613
st_13202,연세안경앞,,
st_13203,산장앞,프런트맨을 쫓는 인물들이 리무진을 타는 장소로 상수역 인근 전집 '산장' 앞 골목이 등장한다.,https://blog.naver.com/hsc_one1/223705879613
st_13204,엔비,클럽 'CLUB HDH'로 등장하는 촬영지는 서교동의 클럽 NB2(엔비)다.,https://blog.naver.com/location_info/223706850010
st_13205,이태원로,,
st_13206,한강진역,성기훈이 딱지남(공유)을 찾아 여러 지하철역을 헤매는 장면에 한강진역이 등장한다.,https://blog.naver.com/hsc_one1/223706199861
st_13207,버티고개역,성기훈이 딱지남(공유)을 찾아 여러 지하철역을 헤매는 장면에 버티고개역이 등장한다.,https://blog.naver.com/hsc_one1/223705879613
st_13208,23번지 남산돈까스본점 옆건물,,
st_13209,금성루,1화에서 강력계 복귀를 명령받는 황준호의 장면을 충무로 중식당 '금성루'에서 촬영했다.,https://blog.naver.com/hsc_one1/223706199861
st_13210,충무로,교통경찰 황준호가 스티커를 발부하던 충무로 대림상가 우체국 앞 거리가 배경으로 등장한다.,https://blog.naver.com/hsc_one1/223706199861
st_13211,을지로,을지로20길 보도육교 일대가 1화 배경 장면으로 촬영되었다.,https://blog.naver.com/hsc_one1/223706199861
st_13212,약수역,성기훈이 딱지남(공유)을 찾아 여러 지하철역을 헤매는 장면에 약수역이 등장한다.,https://blog.naver.com/hsc_one1/223705879613
st_13213,청구역,성기훈이 딱지남(공유)을 찾아 여러 지하철역을 헤매는 장면에 청구역이 등장한다.,https://blog.naver.com/hsc_one1/223705879613
st_13214,종각역,1화에서 새로운 참가자를 찾는 딱지남(공유)을 발견하는 장면을 종각역에서 촬영했다.,https://blog.naver.com/hsc_one1/223706199861
st_13215,뚜레쥬르 종로점,1화에서 공유가 단팥빵을 사는 장면을 뚜레쥬르 종로점에서 촬영했다.,https://blog.naver.com/location_info/223706850010
st_13216,탑골공원,공유가 단팥빵과 복권을 사서 향하는 장소로 종로 탑골공원이 등장한다.,https://blog.naver.com/location_info/223706850010
st_13217,종로슈퍼,공유가 복권을 사는 복권방으로 나들가게 종로슈퍼가 등장한다.,https://blog.naver.com/location_info/223706850010
st_13218,종로구,,
st_13219,필운대로,1화에서 준호가 오토바이 커플을 단속하는 장면을 필운대로의 일식당 '스시누하' 앞에서 촬영했다.,https://blog.naver.com/location_info/223706850010
st_13220,옥인파출소,황준호가 극 초반 교통경찰로 근무하는 파출소로 종로구 옥인파출소가 등장한다.,https://blog.naver.com/location_info/223706850010
st_13221,삼육빌딩,대부업체 '햇빛캐피탈' 사무실 건물로 동대문구 왕산로9길의 삼육빌딩이 등장한다.,https://blog.naver.com/location_info/223706850010
st_13222,답십리역1번출구,성기훈이 딱지남(공유)을 찾아 여러 지하철역을 헤매는 장면에 답십리역이 등장한다.,https://blog.naver.com/hsc_one1/223706199861
st_13223,장한평역,성기훈이 딱지남(공유)을 찾아 여러 지하철역을 헤매는 장면에 장한평역이 등장한다.,https://blog.naver.com/hsc_one1/223705879613
st_13224,서울강북경찰서,극 중 도봉경찰서로 등장하는 건물은 실제로는 서울 강북경찰서다.,https://blog.naver.com/location_info/223706850010
st_13225,도봉산역3번출구,성기훈이 딱지남(공유)을 찾아 여러 지하철역을 헤매는 장면에 도봉산역이 등장한다.,https://blog.naver.com/hsc_one1/223706199861
st_13226,노원역,성기훈이 딱지남(공유)을 찾아 여러 지하철역을 헤매는 장면에 노원역이 등장한다.,https://blog.naver.com/hsc_one1/223705879613
st_13227,옥수역1번출구,성기훈이 딱지남(공유)을 찾아 여러 지하철역을 헤매는 장면에 옥수역이 등장한다.,https://blog.naver.com/hsc_one1/223706199861
st_13228,어린이대공원역3번출구,성기훈이 딱지남(공유)을 찾아 여러 지하철역을 헤매는 장면에 어린이대공원역이 등장한다.,https://blog.naver.com/hsc_one1/223706199861
st_13229,탄천주차장,게임 참가자들을 태우는 차량이 모이는 트럭 집결지로 탄천 고가도로 아래가 등장한다.,https://blog.naver.com/hsc_one1/223705879613
st_13230,이삭렌트카 천호점,극 중 렌터카 대여점 장면을 촬영한 강동구 천호동의 이삭렌트카 매장이다.,https://blog.naver.com/hsc_one1/223706199861
st_13231,인천공항,기훈이 인천공항 도착 후 전화를 걸고 급히 택시를 타고 서울로 향하는 1화 장면을 촬영한 곳이다.,https://blog.naver.com/hsc_one1/223706199861
st_13232,카프리모텔,성기훈의 은신처 '핑크모텔'로 등장하는 곳은 구리시 수택동의 카프리모텔이다.,https://blog.naver.com/hsc_one1/223706199861
st_13233,서울랜드,"2회에 등장하는 놀이공원으로, 강노을이 인형탈 아르바이트를 하던 곳인 과천 서울랜드가 촬영지다.",https://blog.naver.com/location_info/223706850010
st_13234,성남시의료원,병원 외경 장면에 성남의료원(서현대학병원)이 등장한다.,https://blog.naver.com/hsc_one1/223705879613
st_13235,여의도순복음분당교회,게임 참가자를 태우러 온 차량이 모이는 주차장 장면으로 여의도순복음분당교회 주차장이 등장한다.,https://blog.naver.com/hsc_one1/223705879613
st_13236,천주교공원묘지,황준호가 찾아간 형수의 납골당이 있는 곳으로 용인 천주교 순교자묘원이 등장한다.,https://blog.naver.com/hsc_one1/223705879613
st_13237,선창회마차,황준호가 총에 맞아 추락하는 태안 마도 해안절벽 인근의 신진도 횟집이 배경으로 등장한다.,https://blog.naver.com/hsc_one1/223706199861
st_13238,다대다포항,준호가 캐피탈 직원과 함께 001섬으로 위장 잠입하기 위해 배를 타고 출항하는 장면을 거제 다대다포항에서 촬영했다.,https://blog.naver.com/hsc_one1/223706632222
st_13239,신선대,001게임장이 있는 섬의 해안 갯바위 장면을 거제 신선대 일대에서 촬영했다.,https://blog.naver.com/hsc_one1/223706632222
