place_name,place_address,naver_url,naver_lat,naver_lng,verdict
마포대교,서울 영등포구 여의도동 85-2,https://map.naver.com/p/entry/place/34522486,37.5331166,126.9360771,adopt
신세계백화점 본점,서울 중구 소공로 63,https://map.naver.com/p/entry/place/1105054687,37.5609695,126.9811547,adopt
경복궁,서울 종로구 사직로 161,https://map.naver.com/p/entry/place/11571707,37.5788408,126.9770162,adopt
서순라길,서울 종로구 서순라길 51,https://map.naver.com/p/entry/place/1970513330,37.5728155,126.993122,adopt
종묘,서울 종로구 종로 157,https://map.naver.com/p/entry/place/11620940,37.5758018,126.9939555,adopt
응봉산,서울 성동구 금호동4가 1540,https://map.naver.com/p/entry/place/11491502,37.5478269,127.029725,adopt
라운지25,인천 연수구 센트럴로 232,https://map.naver.com/p/entry/place/2047120364,37.396624,126.6372389,adopt
화서문,경기 수원시 팔달구 장안동 331,https://map.naver.com/p/entry/place/19802092,37.2855288,127.0096638,adopt
더한옥헤리티지,강원 영월군 남면 문개실길 37-150,https://map.naver.com/p/entry/place/1559825941,37.198912,128.425772,adopt
청남대,충북 청주시 상당구 문의면 청남대길 646,https://map.naver.com/p/entry/place/13118260,36.4652855,127.4948685,adopt
완성빌라,서울 종로구 세검정로7나길 42-4,https://map.naver.com/p/entry/place/18686939,37.6035644,126.9589268,adopt
인천미추홀경찰서 학동지구대,인천 미추홀구 인하로 150-1,https://map.naver.com/p/entry/place/35896309,37.439927,126.6746829,adopt
명문숯불갈비,인천 연수구 능허대로 239,https://map.naver.com/p/entry/place/16499826,37.415119,126.652121,adopt
트리플스트리트,인천 연수구 송도과학로16번길 33-3,https://map.naver.com/p/entry/place/1345889238,37.3796414,126.6606631,adopt
서정대학교 서정관,경기 양주시 은현면 화합로 1049-56,https://map.naver.com/p/entry/place/1857181220,37.8571717,127.0375426,adopt
의정부성모병원,경기 의정부시 천보로 271,https://map.naver.com/p/entry/place/1121471417,37.7587045,127.0777625,adopt
일산호수공원선인장전시관,경기 고양시 일산동구 호수로 731,https://map.naver.com/p/entry/place/1014015652,37.6570866,126.7612189,adopt
용산국제업무지구,서울 용산구 청파로 56-20,https://map.naver.com/p/entry/place/1250273456,37.5290538,126.9589431,adopt
볼보자동차 동대문전시장,서울 동대문구 천호대로 373,https://map.naver.com/p/entry/place/580094810,37.5623945,127.060486,adopt
북서울꿈의숲,서울 강북구 월계로 173,https://map.naver.com/p/entry/place/13293207,37.6233355,127.0407343,adopt
강북해병대전우회,서울 강북구 삼양로170길 62,https://map.naver.com/p/entry/place/18618790,37.6629985,127.0134007,adopt
남계대교,경기 연천군 전곡읍 마포리 산 40,https://map.naver.com/p/entry/place/37549893,38.0048348,127.0127672,adopt
SBS일산제작센터,경기 고양시 일산서구 일현로 111,https://map.naver.com/p/entry/place/19057319,37.6968552,126.7656989,adopt
미스사이공,서울 마포구 성암로13길 64,https://map.naver.com/p/entry/place/37913368,37.5754706,126.8978244,adopt
세븐일레븐,서울 마포구 월드컵북로60길 13,https://map.naver.com/p/entry/place/18807182,37.58285,126.8854875,adopt
투썸플레이스,서울 마포구 월드컵북로60길 17,https://map.naver.com/p/entry/place/21066561,37.5831067,126.8857677,adopt
동작대교,서울 용산구 이촌동 387,https://map.naver.com/p/entry/place/18726869,37.510825,126.9819963,adopt
철도건널목,서울 용산구 이촌로29길 25,https://map.naver.com/p/entry/place/1306605742,37.524651,126.9600188,adopt
하우스오브에이미,서울 강남구 선릉로152길 25,https://map.naver.com/p/entry/place/1278823001,37.5244882,127.0417182,adopt
데싱디바,서울 강남구 압구정로46길 35,https://map.naver.com/p/entry/place/13447890,37.526631,127.0340512,adopt
영주종합터미널,경북 영주시 대학로 352,https://map.naver.com/p/entry/place/11566441,36.8270797,128.6057812,adopt
한밤마을,경북 군위군 부계면 한밤2길 10,https://map.naver.com/p/entry/place/20066358,36.0591761,128.6534501,adopt
만석어린이공원,인천 제물포구 제물량로341번길 55,https://map.naver.com/p/entry/place/16584186,37.4832068,126.6195962,adopt
송현근린공원,인천 제물포구 안송로103번길 13,https://map.naver.com/p/entry/place/19588978,37.4785662,126.6398566,adopt
새마을금고,인천 제물포구 솔빛로91번길 7,https://map.naver.com/p/entry/place/1383607646,37.476503,126.643398,adopt
서강껍데기3호점,서울 용산구 이촌로 9,https://map.naver.com/p/entry/place/12907119,37.530858,126.954875,adopt
쌍대포소금구이,서울 용산구 청파로 291,https://map.naver.com/p/entry/place/11711391,37.5455826,126.9701676,adopt
숙대입구역,서울 용산구 한강대로 286-1,https://map.naver.com/p/entry/place/2034020540,37.5438339,126.9726016,adopt
철도건널목,서울 용산구 한강로3가 40-45,https://map.naver.com/p/entry/place/1306605742,37.524651,126.9600188,adopt
낙산공원,서울 종로구 낙산3길 7-9,https://map.naver.com/p/entry/place/13299765,37.5804769,127.0075869,adopt
센터포인트빌딩,서울 종로구 새문안로5길 31,https://map.naver.com/p/entry/place/33343088,37.573077,126.974405,adopt
쌀통닭 신천점,서울 송파구 올림픽로10길 13,https://map.naver.com/p/entry/place/37411826,37.510382,127.0829233,adopt
해빛 고양고갯마루쉼터,경기 고양시 덕양구 보광로 379,https://map.naver.com/p/entry/place/1744980785,37.7471144,126.9122104,adopt
인터컨티넨탈 알펜시아 평창리조트,강원 평창군 대관령면 솔봉로 325,https://map.naver.com/p/entry/place/30827182,37.65825,128.6696249,adopt
바디프로짐 가양점,서울 강서구 화곡로68길 3,https://map.naver.com/p/entry/place/1361992477,37.5595837,126.8547378,adopt
서울로인 여의도점,서울 영등포구 국제금융로8길 2,https://map.naver.com/p/entry/place/1720342718,37.5218052,126.9256512,adopt
서울시립대학교 자작마루,서울 동대문구 서울시립대로 163,https://map.naver.com/p/entry/place/13284302,37.5828917,127.05765,adopt
비스타워커힐서울,서울 광진구 워커힐로 177,https://map.naver.com/p/entry/place/695321679,37.5542813,127.1111669,adopt
아셈타워,서울 강남구 영동대로 517,https://map.naver.com/p/entry/place/1654459721,37.5131101,127.059758,adopt
롯데백화점 인천점 3층,인천 미추홀구 연남로 35,https://map.naver.com/p/entry/place/1110340200,37.4423397,126.7013931,adopt
롯데백화점 인천점 문화센터,인천 미추홀구 연남로 35 5층,https://map.naver.com/p/entry/place/1473304830,37.4425062,126.7015186,adopt
화적연,경기 포천시 영북면 자일리 산 115-2,https://map.naver.com/p/entry/place/18338274,38.1151413,127.26252,adopt
한류월드로,경기 고양시 일산서구 한류월드로 300,https://map.naver.com/p/entry/place/1530246997,37.664554,126.7545265,adopt
순성당,경기 고양시 덕양구 호국로812번길 15,https://map.naver.com/p/entry/place/1632263247,37.655779,126.8365647,adopt
계성학교 핸더슨관,대구 중구 달성로 35,https://map.naver.com/p/entry/place/16157514,35.8675018,128.5807034,adopt
다대포해수욕장,부산 사하구 다대동,https://map.naver.com/p/entry/place/13491855,35.0471271,128.9632342,adopt
마포대교아래,서울 영등포구 여의도동 84,https://map.naver.com/p/entry/place/18999832,37.5340684,126.9375033,adopt
여의도IFC,서울 영등포구 국제금융로 10,https://map.naver.com/p/entry/place/1591620827,37.5248506,126.9255781,adopt
동작대교 아래,서울 용산구 용산동6가 452-1,https://map.naver.com/p/entry/place/18726869,37.510825,126.9819963,adopt
용산전자상가 제4공영주차장,서울 용산구 원효로3가 50-2,https://map.naver.com/p/entry/place/21185829,37.5339975,126.960749,adopt
CU뉴명동YWCA점,서울 중구 명동11길 8-2,https://map.naver.com/p/entry/place/1640170790,37.5644217,126.9862498,adopt
아키라백,서울 종로구 새문안로 97 12층,https://map.naver.com/p/entry/place/1135500385,37.5706979,126.9753951,adopt
찰스H,서울 종로구 새문안로 97 LL층,https://map.naver.com/p/entry/place/37402393,37.5706026,126.9753639,adopt
블라썸,경기 파주시 가람로21번길 46,https://map.naver.com/p/entry/place/1746984806,37.7361571,126.7524899,adopt
강화대교,경기 김포시 월곶면 성동리,https://map.naver.com/p/entry/place/19106759,37.7335576,126.5236626,adopt
하남돼지집 풍산 직영점,경기 하남시 미사강변중앙로 43,https://map.naver.com/p/entry/place/35720246,37.5509999,127.1930366,adopt
신반포로,서울 서초구 신반포로 213,https://map.naver.com/p/entry/place/19585706,37.50465,127,adopt
인스파이어리조트,인천 영종구 공항문화로 127,https://map.naver.com/p/entry/place/1134447143,37.4655446,126.389622,adopt
안성추모공원,경기 안성시 보개면 북가현리 산49-1,https://map.naver.com/p/entry/place/21393162,37.0983654,127.3461999,adopt
의림지,충북 제천시 모산동 241,https://map.naver.com/p/entry/place/34581389,37.1713527,128.2089123,adopt
제천역,충북 제천시 의림대로 1,https://map.naver.com/p/entry/place/11636737,37.1278716,128.2054533,adopt
대통교,충남 공주시 감영길 15,https://map.naver.com/p/entry/place/17694341,36.4527915,127.1232305,adopt
고마스토리,충남 공주시 감영길 21,https://map.naver.com/p/entry/place/1436188417,36.4529302,127.1235154,adopt
어린이대공원 정문,서울 광진구 능동로 216,https://map.naver.com/p/entry/place/2042283900,37.5512914,127.0760465,adopt
뚝섬유원지역,서울 광진구 자양동 854-3,https://map.naver.com/p/entry/place/1283169838,37.5327798,127.0678928,adopt
원효대교,서울 영등포구 여의동로 252,https://map.naver.com/p/entry/place/18999644,37.5271,126.9457887,adopt
김밥천국,서울 성동구 마장로 223,https://map.naver.com/p/entry/place/17897283,37.5663749,127.0347889,adopt
수정교회,인천 검단구 불로로 64,https://map.naver.com/p/entry/place/20243260,37.6139539,126.6790239,adopt
공촌4교,인천 서해구 로봇랜드로 473,https://map.naver.com/p/entry/place/38379622,37.5418319,126.6117954,adopt
송도32호공원,인천 연수구 송도동 80-12,https://map.naver.com/p/entry/place/1007704714,37.389324,126.6244479,adopt
시흥 거북섬,경기 시흥시 정왕동 2726,https://map.naver.com/p/entry/place/1059547629,37.3251335,126.676227,adopt
금광테크노벨리,경기 김포시 태장로 765,https://map.naver.com/p/entry/place/1179834958,37.6397893,126.6818276,adopt
일산시장,경기 고양시 일산서구 일청로8번길 9,https://map.naver.com/p/entry/place/13472004,37.6856312,126.7708515,adopt
능곡고등학교 후문,경기 고양시 덕양구 지도로80번길 14-7,https://map.naver.com/p/entry/place/19040648,37.6241278,126.8257986,adopt
명지령계곡펜션,강원 화천군 사내면 명지령로 228,https://map.naver.com/p/entry/place/30820608,38.0802586,127.5506207,adopt
엘리시안강촌리조트,강원 춘천시 남산면 북한강변길 688,https://map.naver.com/p/entry/place/11555876,37.821469,127.5902626,adopt
청주교대,충북 청주시 서원구 청남로 2065,https://map.naver.com/p/entry/place/21829244,36.6157884,127.4826618,adopt
솔빛초등학교,세종 반곡2길 21,https://map.naver.com/p/entry/place/1789004255,36.4958586,127.3124643,adopt
세종호수공원,세종 연기면 세종리 114-380,https://map.naver.com/p/entry/place/32449504,36.4991657,127.270145,adopt
인베이지,세종 집현동로 77,https://map.naver.com/p/entry/place/1005137633,36.4908073,127.3251446,adopt
아그레아블,서울 강남구 역삼로 110,https://map.naver.com/p/entry/place/2057977393,37.5092218,127.0362797,adopt
인천 자유공원,인천 제물포구 자유공원남로 51,https://map.naver.com/p/entry/place/1724343541,37.475139,126.6229175,adopt
송현근린공원,인천 제물포구 솔빛로54번길 1,https://map.naver.com/p/entry/place/38329186,37.4772703,126.6396261,adopt
인천대입구역,인천 연수구 인천타워대로 155,https://map.naver.com/p/entry/place/1163221869,37.3859539,126.6395916,adopt
테크노어린이공원,인천 연수구 송도동 7-32,https://map.naver.com/p/entry/place/848365509,37.3854503,126.650991,adopt
메밀향그집,서울 종로구 대학로11길 18,https://map.naver.com/p/entry/place/31751937,37.5823739,127.0006657,adopt
광화문,서울 종로구 사직로 161,https://map.naver.com/p/entry/place/13161322,37.5760259,126.9768428,adopt
인사동,서울 종로구 인사동길 53-2,https://map.naver.com/p/entry/place/13542782,37.5739818,126.9849358,adopt
부소담악,충북 옥천군 군북면 추소리 759,https://map.naver.com/p/entry/place/34581450,36.3514511,127.5647868,adopt
문경새재 조곡관,경북 문경시 문경읍 상초리 산 42-36,https://map.naver.com/p/entry/place/15393964,36.7893446,128.065685,adopt
완재정,경남 밀양시 부북면 위양로 273-36,https://map.naver.com/p/entry/place/34897954,35.5465703,128.716775,adopt
연세대학교 신촌캠퍼스,서울 서대문구 연세로 50,https://map.naver.com/p/entry/place/11591604,37.5671131,126.9390292,adopt
연남동주막(이전),서울 마포구 월드컵북로6길 56,https://map.naver.com/p/entry/place/1988636142,37.5585625,126.9188571,adopt
홍대레드로드,서울 마포구 잔다리로 16,https://map.naver.com/p/entry/place/1803390740,37.5494388,126.9206294,adopt
경기대학교 수원캠퍼스,경기 수원시 영통구 광교산로 154-42,https://map.naver.com/p/entry/place/11591483,37.3005585,127.0347398,adopt
전북대학교 전주캠퍼스,전북 전주시 덕진구 백제대로 567,https://map.naver.com/p/entry/place/11591627,35.8462574,127.1320049,adopt
아로미마실,전북 전주시 덕진구 백제대로 567,https://map.naver.com/p/entry/place/1883899392,35.8443867,127.1304281,adopt
동피랑벽화마을,경남 통영시 동피랑2길 23-5,https://map.naver.com/p/entry/place/13491714,34.8456851,128.4277537,adopt
미수동방파제,경남 통영시 미수해안로 53-1,https://map.naver.com/p/entry/place/37824316,34.830163,128.403487,adopt
묘우블랙,서울 용산구 독서당로29길 6,https://map.naver.com/p/entry/place/1226071726,37.5367838,127.0115872,adopt
썰스데이파티 이태원점,서울 용산구 이태원로27길 6,https://map.naver.com/p/entry/place/37322069,37.5349333,126.9917852,adopt
마트킹 구성점,경기 용인시 기흥구 용구대로 2426,https://map.naver.com/p/entry/place/1892523769,37.3029094,127.106468,adopt
구룡근린공원,서울 마포구 상암동 313-3,https://map.naver.com/p/entry/place/18808116,37.5829426,126.8835424,adopt
동작대교,서울 용산구 이촌동 356,https://map.naver.com/p/entry/place/18726869,37.510825,126.9819963,adopt
서울숲 거울연못,서울 성동구 성수동1가 720,https://map.naver.com/p/entry/place/18785647,37.5442393,127.0410469,adopt
뚝섬한강공원,서울 광진구 자양동 435,https://map.naver.com/p/entry/place/11491876,37.5292295,127.0707439,adopt
유니버설아트센터,서울 광진구 천호대로 664,https://map.naver.com/p/entry/place/18810818,37.5513161,127.0877514,adopt
소피텔 앰배서더 서울 레지던스,서울 송파구 잠실로 209,https://map.naver.com/p/entry/place/1374313303,37.513717,127.1064138,adopt
SBS 일산제작센터,경기 고양시 일산서구 일현로 111,https://map.naver.com/p/entry/place/19057319,37.6968552,126.7656989,adopt
킨텍스원시티,경기 고양시 일산동구 월드고양로 21,https://map.naver.com/p/entry/place/1749920499,37.6612867,126.7485385,adopt
자작도해수욕장,강원 고성군 죽왕면 문암진리,https://map.naver.com/p/entry/place/1238940361,38.3094558,128.5417938,adopt
수변공원,경기 고양시 일산동구 연리지로 17-2,https://map.naver.com/p/entry/place/1173871248,37.6595344,126.7545597,adopt
벚꽃마을,경기 부천시 원미구 상이로 46,https://map.naver.com/p/entry/place/32421675,37.4927525,126.7448956,adopt
계명대학교 성서캠퍼스,대구 달서구 달구벌대로 1095,https://map.naver.com/p/entry/place/12174294,35.8567399,128.489875,adopt
여의도한강공원,서울 영등포구 한강남자전거길 1451,https://map.naver.com/p/entry/place/13416869,37.5263232,126.9348268,adopt
대림동 우리시장,서울 영등포구 도림로64길 16-1,https://map.naver.com/p/entry/place/21856772,37.4969942,126.9047967,adopt
용산아이파크몰 달주차장,서울 용산구 한강대로23길 55,https://map.naver.com/p/entry/place/35940224,37.5297718,126.9647414,adopt
남산타워,서울 용산구 용산동2가 산 1-3,https://map.naver.com/p/entry/place/1066834125,37.5510548,126.9878822,adopt
창덕궁,서울 종로구 율곡로 99,https://map.naver.com/p/entry/place/12261493,37.5826041,126.9919376,adopt
그랜드 워커힐 서울 더파빌리온,서울 광진구 워커힐로 177,https://map.naver.com/p/entry/place/37093032,37.555169,127.1107738,adopt
파라다이스시티 아트파라디소,인천 영종구 영종해안남로321번길 186,https://map.naver.com/p/entry/place/1340510096,37.4370084,126.4578186,adopt
MBC문화동산,경기 양주시 만송로 394-104,https://map.naver.com/p/entry/place/12443516,37.7915758,127.1021749,adopt
가평대교,경기 가평군 설악면 사룡리 산 140,https://map.naver.com/p/entry/place/1940812920,37.7051883,127.4957824,adopt
산굼부리 주차장,제주 제주시 조천읍 비자림로 768,https://map.naver.com/p/entry/place/17036891,33.4350762,126.6894249,adopt
호남식당,서울 동대문구 경동시장로8길 32,https://map.naver.com/p/entry/place/2054994138,37.5805817,127.0423368,adopt
인천서구견인보관소,인천 서해구 경명대로 265,https://map.naver.com/p/entry/place/38495383,37.5579233,126.638834,adopt
삼송마을LH16단지아파트,경기 고양시 덕양구 세솔로 149,https://map.naver.com/p/entry/place/31690161,37.6528445,126.8832253,adopt
오엘크루 행신점,경기 고양시 덕양구 행신로 266,https://map.naver.com/p/entry/place/1551980359,37.6187633,126.8446622,adopt
바그 서오릉 직영점,경기 고양시 덕양구 용두로121번길 110,https://map.naver.com/p/entry/place/1873174157,37.6244674,126.8914356,adopt
서울여성병원 부천점,경기 부천시 원미구 길주로 84,https://map.naver.com/p/entry/place/37294155,37.5052657,126.751629,adopt
부남해변,강원 삼척시 근덕면 부남리 84,https://map.naver.com/p/entry/place/19596946,37.3585792,129.24915,adopt
천안G1비즈캠퍼스,충남 천안시 서북구 2공단4로 40-11,https://map.naver.com/p/entry/place/1928017565,36.8489117,127.122223,adopt
세종충남대학교병원,세종 보듬7로 20,https://map.naver.com/p/entry/place/1574399219,36.5195068,127.2580882,adopt
천사대교,전남광주통합특별시 신안군 암태면 당사리 산 129,https://map.naver.com/p/entry/place/35966737,34.8604486,126.1903723,adopt
은행어린이공원,서울 마포구 성미산로29길 17-3,https://map.naver.com/p/entry/place/18799220,37.5646342,126.9222894,adopt
불광천,서울 은평구 증산로 315,https://map.naver.com/p/entry/place/18682357,37.5981787,126.9159888,adopt
청계천한빛광장,서울 중구 삼각동 118,https://map.naver.com/p/entry/place/18689116,37.568054,126.9850789,adopt
디디피,서울 중구 을지로 281,https://map.naver.com/p/entry/place/1204978694,37.5673112,127.0121117,adopt
마전교지하쇼핑센터(대신사),서울 종로구 동호로 398,https://map.naver.com/p/entry/place/31312465,37.570112,127.001902,adopt
이화동벽화마을,서울 종로구 이화동 9-441,https://map.naver.com/p/entry/place/13519224,37.5780674,127.0071351,adopt
이설함흥냉면 수유본점,서울 강북구 4.19로 42,https://map.naver.com/p/entry/place/32876175,37.6473378,127.0096772,adopt
클래식 해례커피,서울 성동구 연무장길 28-20,https://map.naver.com/p/entry/place/1870682567,37.5428124,127.052368,adopt
삼육대학교,서울 노원구 화랑로 815,https://map.naver.com/p/entry/place/11591563,37.6429793,127.1042696,adopt
타임즈스퀘어,"165 W 46th St Suite 901, New York, NY 10036 미국",https://map.naver.com/p/entry/place/12967315,37.517163,126.9029652,adopt
고바우,서울 용산구 이촌로 34,https://map.naver.com/p/entry/place/11712504,37.528626,126.954378,adopt
허리케인박 떡볶이닭발,서울 중구 퇴계로76길 58,https://map.naver.com/p/entry/place/1976264529,37.5627815,127.0146969,adopt
멍텅구리즉석떡볶이,서울 노원구 공릉로51길 14-2,https://map.naver.com/p/entry/place/13547499,37.6287896,127.0764439,adopt
유니버셜아트센터,서울 광진구 천호대로 664,https://map.naver.com/p/entry/place/18810818,37.5513161,127.0877514,adopt
인하대학교 본관,인천 미추홀구 인하로 100,https://map.naver.com/p/entry/place/16592205,37.4493536,126.654341,adopt
평택중앙시장,경기 평택시 중앙시장로25번길 10-1,https://map.naver.com/p/entry/place/1709426975,37.0796366,127.0520703,adopt
충청남도 관사촌,대전 중구 보문로205번길 35,https://map.naver.com/p/entry/place/16261740,36.3211826,127.4220615,adopt
제민천,충남 공주시 감영길 20,https://map.naver.com/p/entry/place/19467703,36.454994,127.1229053,adopt
배스킨라빈스 전북대,전북 전주시 덕진구 명륜4길 22,https://map.naver.com/p/entry/place/1418232234,35.8436192,127.127315,adopt
신선대,경남 거제시 남부면 갈곶리,https://map.naver.com/p/entry/place/15849214,34.7379442,128.6625034,adopt
부띠끄모나코,서울 서초구 서초동 1316-5,https://map.naver.com/p/entry/place/37609936,37.4973404,127.0242668,adopt
원서공원,서울 종로구 원서동 206-4,https://map.naver.com/p/entry/place/18671803,37.5781749,126.9886124,adopt
금세기빌딩,서울 중구 무교로 6,https://map.naver.com/p/entry/place/18688414,37.5664101,126.9794838,adopt
삼풍상가,서울 중구 인현동2가 120-22,https://map.naver.com/p/entry/place/18702144,37.5656688,126.9955823,adopt
경희대학교 서울캠퍼스,서울 동대문구 경희대로 26,https://map.naver.com/p/entry/place/11591494,37.5964494,127.0525009,adopt
청담나들목,서울 강남구 청담동 139-36,https://map.naver.com/p/entry/place/19459763,37.5217067,127.0621193,adopt
광명역,경기 광명시 광명역로 21,https://map.naver.com/p/entry/place/19685223,37.420017,126.8880026,adopt
국립대전현충원,대전 유성구 현충원로 251,https://map.naver.com/p/entry/place/12382008,36.3673138,127.2972097,adopt
온빛자연휴양림,충남 논산시 벌곡면 황룡재로 480-113,https://map.naver.com/p/entry/place/1540136642,36.2061037,127.251549,adopt
기림사,경북 경주시 문무대왕면 기림로 437-17,https://map.naver.com/p/entry/place/12123342,35.8376728,129.4031154,adopt
반포대교,서울 서초구 반포동 649,https://map.naver.com/p/entry/place/2011720089,37.5117832,126.9979669,adopt
신광사,서울 종로구 종로 176,https://map.naver.com/p/entry/place/20940441,37.57115,127.001017,adopt
자유공원,인천 제물포구 자유공원남로 25,https://map.naver.com/p/entry/place/1724343541,37.475139,126.6229175,adopt
참농,서울 마포구 망원로11길 29,https://map.naver.com/p/entry/place/1523206211,37.5588555,126.9065131,adopt
더리버,서울 용산구 용산동6가 451,https://map.naver.com/p/entry/place/1989625705,37.5071007,126.9846684,adopt
동작대교,서울 용산구 이촌동 357,https://map.naver.com/p/entry/place/18726869,37.510825,126.9819963,adopt
충무로,서울 중구 충무로 39-1,https://map.naver.com/p/entry/place/1948933041,37.5625745,126.9912615,adopt
영동대교,서울 성동구 성수동2가 825,https://map.naver.com/p/entry/place/18827072,37.5302893,127.0573088,adopt
산성대로,경기 성남시 수정구 산성대로 539,https://map.naver.com/p/entry/place/19217967,37.4596561,127.1637256,adopt
청주국제공항,충북 청주시 청원구 내수읍 오창대로 980 5-4,https://map.naver.com/p/entry/place/11576967,36.7219837,127.4959887,adopt
울프강 스테이크하우스 청담점,서울 강남구 선릉로152길 21,https://map.naver.com/p/entry/place/36449091,37.5244206,127.0414091,adopt
아크레도 청담점,서울 강남구 압구정로 410,https://map.naver.com/p/entry/place/1677754795,37.5230216,127.0422013,adopt
BBQ(이대점),서울 서대문구 이화여대5길 35,https://map.naver.com/p/entry/place/1501792671,37.5580309,126.9438185,adopt
제네시스비비큐,서울 송파구 중대로 64,https://map.naver.com/p/entry/place/1145251435,37.4915011,127.1160347,adopt
할머니북어탕,경기 고양시 덕양구 토당로 66-15,https://map.naver.com/p/entry/place/13531508,37.6217251,126.8190884,adopt
엠코헤리츠,경기 성남시 분당구 정자일로 132,https://map.naver.com/p/entry/place/36652649,37.3618698,127.1065977,adopt
모다백화점(부평점),인천 부평구 부평문화로 35,https://map.naver.com/p/entry/place/1880213878,37.4935399,126.7195744,adopt
롯데백화점,인천 미추홀구 연남로 35,https://map.naver.com/p/entry/place/1110340200,37.4423397,126.7013931,adopt
홍예문,인천 제물포구 내동 217-15,https://map.naver.com/p/entry/place/19793161,37.4746811,126.6263001,adopt
송도아울렛,인천 연수구 송도과학로16번길 33-3,https://map.naver.com/p/entry/place/38218972,37.380592,126.6575318,adopt
피자알볼로,서울 강남구 역삼로 148,https://map.naver.com/p/entry/place/1467708077,37.4946303,127.0356117,adopt
한강대교,서울 용산구 양녕로 446,https://map.naver.com/p/entry/place/18726054,37.5175183,126.9588201,adopt
성북천,서울 성북구 보문로36길 16,https://map.naver.com/p/entry/place/19406054,37.5900987,127.0170125,adopt
정릉풍림아이원아파트 125동,서울 성북구 솔샘로25길 28,https://map.naver.com/p/entry/place/1062322496,37.6163768,127.0096858,adopt
평촌한림대성심병원,경기 안양시 동안구 관평로170번길 22,https://map.naver.com/p/entry/place/1600201526,37.3917575,126.9620529,adopt
수원천,경기 수원시 팔달구 북수동 419,https://map.naver.com/p/entry/place/19469939,37.2766313,127.0193479,adopt
수원대학교,경기 화성시 효행구 봉담읍 와우안길 17,https://map.naver.com/p/entry/place/11591593,37.2087424,126.9765718,adopt
아야진해수욕장,강원 고성군 토성면 아야진리,https://map.naver.com/p/entry/place/13491425,38.2758723,128.5533854,adopt
바다민박,강원 강릉시 해안로 710-3,https://map.naver.com/p/entry/place/12910298,37.8184152,128.8913286,adopt
충남대학교 대덕캠퍼스,대전 유성구 대학로 99,https://map.naver.com/p/entry/place/11591645,36.366638,127.3457442,adopt
금강교,충남 공주시 신관동 553,https://map.naver.com/p/entry/place/17695366,36.4677123,127.1252458,adopt
김천실내수영장,경북 김천시 운동장길 1,https://map.naver.com/p/entry/place/1692489680,36.139699,128.086503,adopt
마포진짜원조최대포본점,서울 마포구 마포대로 112-4,https://map.naver.com/p/entry/place/2012527100,37.5476246,126.9430548,adopt
"반포대교,잠수교",서울 서초구 반포동 647,https://map.naver.com/p/entry/place/18762982,37.5145083,126.9965328,adopt
월미도,인천 제물포구 월미문화로 23-1,https://map.naver.com/p/entry/place/13491282,37.4735825,126.5992643,adopt
레미안부천어반비스타,경기 부천시 소사구 중동로 19,https://map.naver.com/p/entry/place/727600959,37.4812226,126.7630185,adopt
이태원지하차도,서울 용산구 용산동2가 7-116,https://map.naver.com/p/entry/place/18713770,37.5346351,126.9872567,adopt
삼양라운드힐,강원 평창군 대관령면 횡계리 산1-136,https://map.naver.com/p/entry/place/32649979,37.737487,128.725422,adopt
삽교호놀이공원,충남 당진시 신평면 삽교천3길 15,https://map.naver.com/p/entry/place/12973592,36.8902475,126.8221257,adopt
월포역,경북 포항시 북구 청하면 월포로 137,https://map.naver.com/p/entry/place/1181865356,36.2039494,129.3668776,adopt
칠포항,경북 포항시 북구 흥해읍 칠포리,https://map.naver.com/p/entry/place/37784120,36.1431067,129.3963956,adopt
죽도시장(1),경북 포항시 북구 죽도시장3길 4-2,https://map.naver.com/p/entry/place/38331676,36.0350818,129.3685716,adopt
죽도시장(2),경북 포항시 북구 죽도시장길 13,https://map.naver.com/p/entry/place/13095575,36.0358177,129.3671688,adopt
죽도시장(3),경북 포항시 북구 죽도시장1길 19,https://map.naver.com/p/entry/place/13095575,36.0358177,129.3671688,adopt
북부시장,경북 포항시 북구 대신동 63-16,https://map.naver.com/p/entry/place/1454199837,36.0470671,129.3701686,adopt
철길숲,경북 포항시 남구 효자동 197-1,https://map.naver.com/p/entry/place/1895226536,36.0126731,129.3413065,adopt
구룡포생활문화센터,경북 포항시 남구 구룡포읍 용주로7번길 30,https://map.naver.com/p/entry/place/1861175681,35.9917781,129.5612101,adopt
히브루스,서울 마포구 서강로 144,https://map.naver.com/p/entry/place/1932099596,37.5544818,126.9385313,adopt
신촌설렁탕,서울 서대문구 성산로 494-30,https://map.naver.com/p/entry/place/1072172944,37.5577365,126.9371621,adopt
바이젠하우스,서울 서초구 방배동 443-5,https://map.naver.com/p/entry/place/36717913,37.4783977,126.9821542,adopt
아크로리버파크107동,서울 서초구 신반포로15길 19,https://map.naver.com/p/entry/place/1765089195,37.5059285,126.994456,adopt
희망디젤,서울 영등포구 영등포동2가 94-135,https://map.naver.com/p/entry/place/32107627,37.522163,126.91241,adopt
광화문역,서울 종로구 세종로 215,https://map.naver.com/p/entry/place/21406441,37.5697822,126.9766291,adopt
헬로양꼬치,서울 마포구 동교동 201-20,https://map.naver.com/p/entry/place/37793619,37.5566804,126.9214771,adopt
망원동월드컵시장,서울 마포구 망원로7길 23,https://map.naver.com/p/entry/place/13305267,37.5583881,126.905436,adopt
이촌한강공원 2주차장,서울 용산구 용산동6가 452-1,https://map.naver.com/p/entry/place/35977218,37.5155728,126.9831053,adopt
서강껍데기,서울 용산구 이촌로 9,https://map.naver.com/p/entry/place/12907119,37.530858,126.954875,adopt
청계천,서울 종로구 창신동 436-91,https://map.naver.com/p/entry/place/13491093,37.5696512,127.0056375,adopt
아난티코드,경기 가평군 설악면 유명로 961-34,https://map.naver.com/p/entry/place/37525274,37.6255759,127.4800034,adopt
애스톤하우스,경기 구리시 아차산로 1,https://map.naver.com/p/entry/place/1473977395,37.5598902,127.1132471,adopt
증산로13가길(2),서울 은평구 증산로13가길 13,https://map.naver.com/p/entry/place/18691368,37.5886222,126.9103367,adopt
두가헌,서울 종로구 삼청로 14,https://map.naver.com/p/entry/place/33315120,37.5771142,126.9802619,adopt
경희초등학교,서울 동대문구 경희대로 26,https://map.naver.com/p/entry/place/11617551,37.5949662,127.0492512,adopt
용일시장,인천 미추홀구 인주대로174번길 25,https://map.naver.com/p/entry/place/13345666,37.4548078,126.6572434,adopt
경인상가,인천 미추홀구 경인로 392,https://map.naver.com/p/entry/place/32430824,37.4580117,126.6835057,adopt
가평 자라섬,경기 가평군 가평읍 달전리 25-2,https://map.naver.com/p/entry/place/1381273770,37.81411,127.5107976,adopt
한양대학교 에리카캠퍼스,경기 안산시 상록구 한양대학로 55,https://map.naver.com/p/entry/place/1084625804,37.295426,126.8353161,adopt
자하연 분당,경기 광주시 대명대길 57,https://map.naver.com/p/entry/place/37993425,37.3606392,127.1740207,adopt
우장산힐스테이트,서울 강서구 강서로52길 34,https://map.naver.com/p/entry/place/18947809,37.5572881,126.8393968,adopt
전주콩나물국밥,서울 마포구 독막로 35,https://map.naver.com/p/entry/place/20272174,37.548279,126.917489,adopt
은행나무어린이공원,서울 마포구 성미산로29길 17-3,https://map.naver.com/p/entry/place/18799220,37.5646342,126.9222894,adopt
버들골이야기,서울 용산구 보광로59길 14-1,https://map.naver.com/p/entry/place/1736045813,37.5340312,126.9932143,adopt
신용산지하차도,서울 용산구 한강로2가 2-367,https://map.naver.com/p/entry/place/18725880,37.5313215,126.9659146,adopt
뉴대성병원,경기 부천시 원미구 심곡1동 110-6,https://map.naver.com/p/entry/place/13240324,37.4925712,126.784169,adopt
우송대학교 동캠퍼스,대전 동구 백룡로 59,https://map.naver.com/p/entry/place/390143681,36.3367383,127.4532927,adopt
여의도일대&마포대교,서울 영등포구 여의도동 85-2,https://map.naver.com/p/entry/place/18999832,37.5340684,126.9375033,adopt
국회앞 지하보도,서울 영등포구 은행로 14,https://map.naver.com/p/entry/place/1047792239,37.5259912,126.919157,adopt
백원,서울 영등포구 여의공원로 101,https://map.naver.com/p/entry/place/34678208,37.5292503,126.9249077,adopt
한강대교 아래,서울 용산구 이촌동 376,https://map.naver.com/p/entry/place/18726054,37.5175183,126.9588201,adopt
이촌한강공원,서울 용산구 이촌동 389-1,https://map.naver.com/p/entry/place/1968177148,37.5219923,126.9574987,adopt
홍돈 용산점,서울 용산구 원효로2가 93-3,https://map.naver.com/p/entry/place/11726453,37.5345989,126.9610795,adopt
이화벽화마을,서울 종로구 율곡로19길 68-48,https://map.naver.com/p/entry/place/13519224,37.5780674,127.0071351,adopt
붓처스컷 도산,서울 강남구 언주로 837,https://map.naver.com/p/entry/place/1729721060,37.5252554,127.0327528,adopt
용인 동백호수공원,경기 용인시 기흥구 중동,https://map.naver.com/p/entry/place/1366621893,37.2750983,127.150387,adopt
여의도한강공원,서울 영등포구 여의서로 62,https://map.naver.com/p/entry/place/1938938473,37.5320778,126.923212,adopt
콘래드호텔,서울 영등포구 국제금융로 10,https://map.naver.com/p/entry/place/21202909,37.5255723,126.9266143,adopt
혜화경찰서,서울 종로구 창경궁로 112-16,https://map.naver.com/p/entry/place/37308573,37.5725354,126.9985028,adopt
북악산,서울 종로구 삼청동 산 2-27,https://map.naver.com/p/entry/place/13491526,37.5929992,126.9737295,adopt
서울과학기술대학교 무궁관,서울 노원구 노원로 75,https://map.naver.com/p/entry/place/18641281,37.6306361,127.0814755,adopt
메가박스 성수,서울 성동구 왕십리로 50,https://map.naver.com/p/entry/place/2084553165,37.5418864,127.0449128,adopt
서래섬,서울 서초구 반포동 137-41,https://map.naver.com/p/entry/place/11491893,37.5078864,126.989497,adopt
인하대학교 하이데거의숲,인천 미추홀구 소성로 71,https://map.naver.com/p/entry/place/20605498,37.4483226,126.6551175,adopt
투썸플레이스 송도센트럴파크점,인천 연수구 센트럴로 194 A동,https://map.naver.com/p/entry/place/34168925,37.3923296,126.6456761,adopt
금강헬스,경기 의정부시 흥선로 92,https://map.naver.com/p/entry/place/19238571,37.7424496,127.0369207,adopt
소노펠리체 델피노,강원 고성군 토성면 미시령옛길 1153,https://map.naver.com/p/entry/place/1539283468,38.2093678,128.4967113,adopt
헌화로,강원 강릉시 강동면 헌화로,https://map.naver.com/p/entry/place/15702641,37.6642362,129.0546221,adopt
구와우마을,강원 태백시 구와우길 38-20,https://map.naver.com/p/entry/place/13548365,37.2081429,128.9875125,adopt
뒤웅박고을,세종 전동면 배일길 90-43,https://map.naver.com/p/entry/place/13272841,36.6757959,127.2589308,adopt
시몬스갤러리,서울 강남구 논현로 741,https://map.naver.com/p/entry/place/18836411,37.5180085,127.0285657,adopt
착한구두,서울 마포구 와우산로27길 56,https://map.naver.com/p/entry/place/1364441868,37.554734,126.9203014,adopt
마리네일홍대점,서울 마포구 와우산로29다길 14,https://map.naver.com/p/entry/place/543422637,37.5547018,126.9282953,adopt
효창공원,서울 용산구 효창원로 177-18,https://map.naver.com/p/entry/place/13491304,37.5452339,126.95993,adopt
닌,서울 종로구 계동길 122-1,https://map.naver.com/p/entry/place/13476466,37.5792798,126.9878449,adopt
CGV,서울 종로구 돈화문로5가길 1,https://map.naver.com/p/entry/place/37332955,37.5710523,126.9913004,adopt
남도분식,서울 종로구 수표로28길 33,https://map.naver.com/p/entry/place/1129603411,37.5731697,126.9901014,adopt
GS25 종로안국점,서울 종로구 율곡로 61,https://map.naver.com/p/entry/place/1088352119,37.5769921,126.9859557,adopt
세븐일레븐,서울 종로구 평창11길 17,https://map.naver.com/p/entry/place/1748284448,37.6069657,126.9660626,adopt
장군보쌈,서울 중구 명동10길 7-6,https://map.naver.com/p/entry/place/1225783261,37.5673236,126.9797048,adopt
충무김밥,서울 중구 명동2가 33-4,https://map.naver.com/p/entry/place/11699378,37.5631379,126.9851971,adopt
응봉산,서울 성동구 응봉동 267,https://map.naver.com/p/entry/place/11491502,37.5478269,127.029725,adopt
수선루,전북 진안군 마령면 강정리 산 57,https://map.naver.com/p/entry/place/20103186,35.7460934,127.3451224,adopt
기업은행ATM,서울 도봉구 마들로 727-1,https://map.naver.com/p/entry/place/1106487636,37.67515,127.04724,adopt
세븐일레븐,서울 영등포구 여의서로 43,https://map.naver.com/p/entry/place/13379283,37.5307872,126.9249484,adopt
한강진역,서울 용산구 이태원로 지하 287,https://map.naver.com/p/entry/place/21406382,37.5402202,127.0016796,adopt
버티고개역,서울 중구 다산로 지하 38,https://map.naver.com/p/entry/place/1587576205,37.547845,127.0070833,adopt
충무로,서울 중구 충무로 51,https://map.naver.com/p/entry/place/2034304765,37.561794,126.9923288,adopt
약수역,서울 중구 다산로 지하 122,https://map.naver.com/p/entry/place/18704405,37.5550847,127.0106445,adopt
청구역,서울 중구 청구로 지하 77,https://map.naver.com/p/entry/place/18705012,37.5602761,127.0137909,adopt
삼육빌딩,서울 동대문구 왕산로9길 24,https://map.naver.com/p/entry/place/1451049161,37.5783095,127.0280231,adopt
서울랜드,경기 과천시 광명로 181,https://map.naver.com/p/entry/place/11583237,37.4338452,127.0190443,adopt
다대다포항,경남 거제시 남부면 다포리 214-3,https://map.naver.com/p/entry/place/32812401,34.7333079,128.6237275,adopt
IBK기업은행365,서울 강서구 양천로 698,https://map.naver.com/p/entry/place/18926243,37.549332,126.877271,adopt
한강,서울 영등포구 여의도동 85-2,https://map.naver.com/p/entry/place/13491889,37.535914,126.9294637,adopt
현대백화점 목동점,서울 양천구 목동동로 257,https://map.naver.com/p/entry/place/1923989068,37.5272736,126.8751111,adopt
삼각지 고가차도,서울 용산구 한강로1가 78-6,https://map.naver.com/p/entry/place/18722198,37.5370837,126.9695027,adopt
만리199,서울 중구 만리재로 199,https://map.naver.com/p/entry/place/2056824233,37.5554733,126.9677284,adopt
서계 박세당 사랑채,경기 의정부시 동일로128번길 36,https://map.naver.com/p/entry/place/20111921,37.6996417,127.0577,adopt
신양수대교,경기 양평군 양서면 용담리 629-2,https://map.naver.com/p/entry/place/19159730,37.5349269,127.3103328,adopt
빌리드지디 안산,경기 안산시 단원구 광덕4로 140,https://map.naver.com/p/entry/place/34291584,37.31492,126.8278728,adopt
해운대,부산 해운대구 해운대해변로298번길 24,https://map.naver.com/p/entry/place/13491921,35.1589787,129.1623152,adopt
광안대교,부산 수영구 민락동 113-52,https://map.naver.com/p/entry/place/1032552989,35.1533775,129.1254448,adopt
천미천,제주 제주시 구좌읍 송당리 2657,https://map.naver.com/p/entry/place/17030777,33.4362045,126.7468308,adopt
어반클리프,서울 용산구 신흥로20길 43,https://map.naver.com/p/entry/place/2087343638,37.5473846,126.9840582,adopt
캠퍼트리 호텔앤리조트,제주 제주시 해안마을서4길 100,https://map.naver.com/p/entry/place/417528935,33.453045,126.448895,adopt
군산오름,제주 서귀포시 안덕면 창천리 산 3-1,https://map.naver.com/p/entry/place/17082282,33.2531143,126.3702238,adopt
가파도,제주 서귀포시 대정읍 가파리 502-3,https://map.naver.com/p/entry/place/13491177,33.1710713,126.2686471,adopt
센트럴파크,인천 연수구 송도동 31,https://map.naver.com/p/entry/place/1343536566,37.3848607,126.6427434,adopt
킨텍스,경기 고양시 일산서구 킨텍스로 217-59,https://map.naver.com/p/entry/place/11853778,37.669119,126.7460896,adopt
부산역,부산 동구 중앙대로 206,https://map.naver.com/p/entry/place/13479631,35.1151869,129.0416007,adopt
최규하대통령가옥,서울 마포구 동교로15길 10,https://map.naver.com/p/entry/place/18782279,37.5552807,126.9149516,adopt
네버마인드,서울 마포구 동교로22길 14,https://map.naver.com/p/entry/place/2000625045,37.5601363,126.9209577,adopt
청계천,서울 종로구 서린동 148,https://map.naver.com/p/entry/place/13491093,37.5696512,127.0056375,adopt
장통교,서울 중구 남대문로10길 51,https://map.naver.com/p/entry/place/18689049,37.5683787,126.9856544,adopt
미레에셋센터원,서울 중구 을지로5길 26,https://map.naver.com/p/entry/place/36462427,37.5673083,126.9850957,adopt
공평동꼼장어 직영 1호점,서울 종로구 청계천로 63,https://map.naver.com/p/entry/place/1606944626,37.5692954,126.984537,adopt
리플린,서울 종로구 북촌로4길 2,https://map.naver.com/p/entry/place/1541722263,37.5814719,126.9807753,adopt
누리,서울 종로구 인사동14길 23,https://map.naver.com/p/entry/place/1983584598,37.5749811,126.9852423,adopt
이화벽화마을,서울 종로구 이화동 9-244,https://map.naver.com/p/entry/place/13519224,37.5780674,127.0071351,adopt
직천 낚시터,경기 파주시 법원읍 만월로 537-29,https://map.naver.com/p/entry/place/19307423,37.896198,126.9233278,adopt
소화묘원,경기 남양주시 조안면 다산로 363,https://map.naver.com/p/entry/place/21542433,37.5320917,127.28205,adopt
세이지우드 홍천,강원 홍천군 두촌면 광석로 898-87,https://map.naver.com/p/entry/place/1194921077,37.8859653,128.1186712,adopt
한국테크노링,충남 태안군 남면 기업도시로 1298,https://map.naver.com/p/entry/place/1825296071,36.6485544,126.3382148,adopt
채석강,전북 부안군 변산면 격포리,https://map.naver.com/p/entry/place/4199996923,35.6239996,126.4664019,adopt
명선도,울산 울주군 서생면 진하리,https://map.naver.com/p/entry/place/16613224,35.3858391,129.3505923,adopt
나사등대,울산 울주군 서생면 나사리,https://map.naver.com/p/entry/place/1210794613,35.355882,129.3395843,adopt
금호대우아파트203동,서울 성동구 독서당로 272,https://map.naver.com/p/entry/place/18782629,37.546066,127.020388,adopt
녹천역,서울 도봉구 덕릉로 376,https://map.naver.com/p/entry/place/21406364,37.6459668,127.0509677,adopt
인천차이나타운,인천 제물포구 차이나타운로 41,https://map.naver.com/p/entry/place/37430622,37.4770774,126.6190026,adopt
아다마스253,경기 파주시 탄현면 헤이리마을길 47,https://map.naver.com/p/entry/place/31148701,37.7877882,126.6980231,adopt
운정역,경기 파주시 운정역길 368,https://map.naver.com/p/entry/place/19688872,37.7291786,126.7692762,adopt
석현전원마을 주택,경기 용인시 기흥구 석현로 39,https://map.naver.com/p/entry/place/19295662,37.269547,127.0804109,adopt
신남방파제,강원 삼척시 원덕읍 갈남리,https://map.naver.com/p/entry/place/37805107,37.2656038,129.328736,adopt
마크원에비뉴,세종 국세청로 32,https://map.naver.com/p/entry/place/288301230,36.486458,127.2619952,adopt
울산대교,울산 남구 매암동 139-60,https://map.naver.com/p/entry/place/16580435,35.5117174,129.391178,adopt
퀸스파크청담점,서울 강남구 압구정로60길 22,https://map.naver.com/p/entry/place/38733965,37.5259917,127.0416499,adopt
잠수교(반포대교),서울 서초구 반포동 649-1,https://map.naver.com/p/entry/place/18762982,37.5145083,126.9965328,adopt
화장실,서울 용산구 녹사평대로 40길 56,https://map.naver.com/p/entry/place/1300789898,37.5343165,126.9888248,adopt
G게스트하우스,서울 용산구 보광로 60길 14-38,https://map.naver.com/p/entry/place/34842719,37.5332455,126.9949699,adopt
백범광장공원,서울 중구 남창동 205-4,https://map.naver.com/p/entry/place/1982441579,37.5554799,126.9787219,adopt
서울로7017,서울 중구 퇴계로 18,https://map.naver.com/p/entry/place/35756931,37.5565284,126.9732427,adopt
숭의여대,서울 중구 소파로2길 10,https://map.naver.com/p/entry/place/36782684,37.5582464,126.9871019,adopt
보칼리노,서울 종로구 새문안로 97 2층,https://map.naver.com/p/entry/place/38623401,37.570699,126.9754535,adopt
충현슈퍼,서울 중구 동호로17길 105,https://map.naver.com/p/entry/place/18707251,37.5543085,127.0050772,adopt
반얀트리 페스타,서울 중구 장충단로 60,https://map.naver.com/p/entry/place/31658766,37.5501832,127.0021991,adopt
MCM,서울 강남구 압구정로 412,https://map.naver.com/p/entry/place/11776798,37.5271437,127.0418735,adopt
월드컵북로,서울 마포구 상암동 1715,https://map.naver.com/p/entry/place/34522296,37.5800962,126.8874047,adopt
원효전자상가(1),서울 용산구 원효로3가 51-46,https://map.naver.com/p/entry/place/18145473,37.5336944,126.9598782,adopt
원효전자상가(2),서울 용산구 원효로3가 51-29,https://map.naver.com/p/entry/place/11609215,37.5336534,126.9606482,adopt
임마누엘카센터,경기 파주시 조리읍 송비말길 87,https://map.naver.com/p/entry/place/19182946,37.7442096,126.8047,adopt
해두리치킨 능곡점,경기 고양시 덕양구 지도로35번길 10,https://map.naver.com/p/entry/place/2045310562,37.6205752,126.8239678,adopt
해운대,부산 해운대구 우동,https://map.naver.com/p/entry/place/13491921,35.1589787,129.1623152,adopt
운정호수공원,경기 파주시 와동동 1416,https://map.naver.com/p/entry/place/844357801,37.7194241,126.7582216,adopt
경화,인천 제물포구 제물량로232번안길 23,https://map.naver.com/p/entry/place/32124384,37.473435,126.620428,adopt
카페 나인티플러스,인천 제물포구 신포로23번길 80-1,https://map.naver.com/p/entry/place/2062204314,37.4769743,126.6284256,adopt
강촌레일파크,강원 춘천시 남산면 서백길 57,https://map.naver.com/p/entry/place/1832283314,37.8426895,127.5505577,adopt
제민천,충남 공주시 제민천3길 48,https://map.naver.com/p/entry/place/19467703,36.454994,127.1229053,adopt
성건주공아파트,경북 경주시 한빛길20번길 43,https://map.naver.com/p/entry/place/15740887,35.8551404,129.2038249,adopt
경주읍성,경북 경주시 동문로 31,https://map.naver.com/p/entry/place/1981648180,35.8464404,129.213725,adopt
한국수력원자력주식회사,경북 경주시 문무대왕면 불국로 1655,https://map.naver.com/p/entry/place/11869988,35.7940592,129.3913186,adopt
감포항,경북 경주시 감포읍,https://map.naver.com/p/entry/place/21323669,35.806714,129.5055655,adopt
나정감포모래해변,경북 경주시 감포읍 동해안로 1915,https://map.naver.com/p/entry/place/13491730,35.7836413,129.491341,adopt
읍천항 등대,경북 경주시 양남면 읍천리 195-18,https://map.naver.com/p/entry/place/2142086183,35.6902711,129.4762748,adopt
시옌 구월점,인천 남동구 인주대로 560,https://map.naver.com/p/entry/place/155248925,37.4498458,126.6991419,adopt
에이알센트레,서울 금천구 벚꽃로 286,https://map.naver.com/p/entry/place/1754840420,37.4803344,126.8841305,adopt
여의도 IFC,서울 영등포구 국제금융로 10,https://map.naver.com/p/entry/place/1591620827,37.5248506,126.9255781,adopt
국립서울현충원,서울 동작구 현충로 210,https://map.naver.com/p/entry/place/19030350,37.5036228,126.974068,adopt
전국은행협회,서울 중구 명동11길 19,https://map.naver.com/p/entry/place/1808448216,37.565024,126.9854774,adopt
이앤갤러리,서울 종로구 평창길 224,https://map.naver.com/p/entry/place/603799070,37.6131653,126.9707769,adopt
반포한강공원,서울 서초구 한강남자전거길 2262,https://map.naver.com/p/entry/place/18758113,37.5125014,127.0002012,adopt
하이파킹 청담디자이너크럽 주차장,서울 강남구 선릉로152길 11,https://map.naver.com/p/entry/place/1276684758,37.5243878,127.0403181,adopt
일산벨라시타,경기 고양시 일산동구 강송로 33,https://map.naver.com/p/entry/place/1778761196,37.6420594,126.7914711,adopt
세븐일레븐 평택고덕산업단지점,경기 평택시 고덕면 고덕여염11길 14,https://map.naver.com/p/entry/place/1587768212,37.0446084,127.0527707,adopt
경천섬공원,경북 상주시 중동면 오상리,https://map.naver.com/p/entry/place/1165558222,36.4395483,128.2593419,adopt
대구이월드,대구 달서구 두류공원로 200,https://map.naver.com/p/entry/place/769515371,35.8540742,128.5647169,adopt
83타워,대구 달서구 두류공원로 200,https://map.naver.com/p/entry/place/16370069,35.8527285,128.566894,adopt
성일아파트301동,인천 부평구 수변로52번길 6,https://map.naver.com/p/entry/place/1020609512,37.4909,126.7414381,adopt
마라탕,서울 종로구 성균관로 15-2,https://map.naver.com/p/entry/place/2091831481,37.5837566,127.0022923,adopt
카페낙타,서울 종로구 낙산5길 51,https://map.naver.com/p/entry/place/1184081029,37.5782559,127.0115967,adopt
정릉골,서울 성북구 솔샘로15가길 50-4,https://map.naver.com/p/entry/place/1158302572,37.6094931,127.0079248,adopt
이집트경양식,인천 제물포구 우현로67번길 13,https://map.naver.com/p/entry/place/686603615,37.4737452,126.629291,adopt
트라이보올,인천 연수구 인천타워대로 250,https://map.naver.com/p/entry/place/33706774,37.3941816,126.6349799,adopt
벨라45컨트리클럽,강원 횡성군 서원면 창촌리 산132,https://map.naver.com/p/entry/place/1853615582,37.4778296,127.8561667,adopt
아이스크림스토리 유성점,대전 유성구 유성대로668번길 81,https://map.naver.com/p/entry/place/1140875784,36.352286,127.3341123,adopt
새롬고등학교,세종 새롬서로 68,https://map.naver.com/p/entry/place/1768474285,36.4865673,127.2491305,adopt
도시상징광장,세종 나성동 840,https://map.naver.com/p/entry/place/1864219181,36.4860956,127.2641053,adopt
마포월드컵공영주차장,서울 마포구 상암동 1625,https://map.naver.com/p/entry/place/2142041324,37.5749509,126.8989092,adopt
CJ ENM 엔터테인먼트,서울 마포구 상암산로 66,https://map.naver.com/p/entry/place/35597631,37.5786756,126.8916082,adopt
신세계백화점,서울 중구 충무로1가 52-4,https://map.naver.com/p/entry/place/12134149,37.5609578,126.9811163,adopt
도성사,경기 포천시 화현면 화동로 548-47,https://map.naver.com/p/entry/place/12200324,37.9142621,127.3169363,adopt
세이지우드 홍천,강원 홍천군 두촌면 괘석리 708,https://map.naver.com/p/entry/place/1194921077,37.8859653,128.1186712,adopt
신송센타빌딩,서울 영등포구 여의나루로 57,https://map.naver.com/p/entry/place/19000977,37.523015,126.9256276,adopt
노량대교 아래,서울 동작구 흑석동 1-4,https://map.naver.com/p/entry/place/19028473,37.5147687,126.954494,adopt
건국빌딩,서울 종로구 인사동4길 17,https://map.naver.com/p/entry/place/1732221375,37.5735102,126.9872995,adopt
한신한진아파트209동,서울 성북구 성북로4길 52,https://map.naver.com/p/entry/place/1634307113,37.5961756,127.0120568,adopt
노량진역,서울 동작구 노량진로 151,https://map.naver.com/p/entry/place/1377586972,37.5140271,126.9430469,adopt
영동대교,서울 강남구 청담동 340,https://map.naver.com/p/entry/place/806087730,37.5261629,127.0552463,adopt
삼목선창장,인천 영종구 운서동 2508-30,https://map.naver.com/p/entry/place/38300930,37.499917,126.4524999,adopt
롯데프리미엄아울렛 파주점,경기 파주시 문발로 284,https://map.naver.com/p/entry/place/34217248,37.7183014,126.6928261,adopt
제주하영,경기 고양시 일산동구 동국로 157,https://map.naver.com/p/entry/place/38704657,37.6850006,126.8060182,adopt
방아머리로,경기 안산시 단원구 대부북동,https://map.naver.com/p/entry/place/1280587154,37.2836881,126.5763239,adopt
돌하루방 미술관,제주 제주시 조천읍 북촌서1길 70,https://map.naver.com/p/entry/place/10983870,33.5388536,126.6888142,adopt
한도교,제주 서귀포시 성산읍 성산리 400-18,https://map.naver.com/p/entry/place/17076495,33.4687683,126.9269648,adopt
행운맨션,경기 성남시 중원구 희망로375번길 22,https://map.naver.com/p/entry/place/19222787,37.4363406,127.1617861,adopt
서강대교,서울 영등포구 여의도동,https://map.naver.com/p/entry/place/18999808,37.5378529,126.9255699,adopt
플레르다솔,서울 송파구 삼전로 85,https://map.naver.com/p/entry/place/1241257286,37.50619,127.0893035,adopt
웨스턴빌리프,경기 고양시 일산동구 정발산로 24 3차 9층,https://map.naver.com/p/entry/place/757968614,37.6550408,126.7731051,adopt
사랑의전원마을,경기 고양시 덕양구 통일로214번안길 12-5,https://map.naver.com/p/entry/place/19407636,37.656025,126.8997889,adopt
에어로피스,경기 김포시 대곶면 천호로 210,https://map.naver.com/p/entry/place/20264319,37.6182202,126.5757877,adopt
고베하우스,경기 안양시 동안구 관평로176번길 10,https://map.naver.com/p/entry/place/37191584,37.3927508,126.9611313,adopt
광주공원묘원,경기 광주시 매산동 산 30-5,https://map.naver.com/p/entry/place/37446160,37.3457585,127.2740739,adopt
마마티라,강원 삼척시 수로부인길 453,https://map.naver.com/p/entry/place/1711463158,37.4732015,129.165299,adopt
런던아이,"Victoria Embankment, London SW1A 2JH 영국",https://map.naver.com/p/entry/place/13100224,37.5606897,127.0820737,adopt
산장,서울 마포구 와우산로 42,https://map.naver.com/p/entry/place/13101696,37.5506501,126.9235267,adopt
서울성모병원,서울 서초구 반포대로 222,https://map.naver.com/p/entry/place/18762622,37.502033,127.0035167,adopt
용산2가동주민센터,서울 용산구 신흥로 90,https://map.naver.com/p/entry/place/11813733,37.5461327,126.9855776,adopt
연희숲속쉼터,서울 서대문구 연희동 2-75,https://map.naver.com/p/entry/place/1965720669,37.5802993,126.9390247,adopt
서울고속버스터미널,서울 서초구 신반포로 194,https://map.naver.com/p/entry/place/1173901494,37.5063784,127.0076787,adopt
인천역,인천 제물포구 제물량로 269,https://map.naver.com/p/entry/place/1109621647,37.4757376,126.6172525,adopt
부남해변,강원 삼척시 근덕면 부남리,https://map.naver.com/p/entry/place/19596946,37.3585792,129.24915,adopt
미포방파제,부산 해운대구 달맞이길62번길 50-1,https://map.naver.com/p/entry/place/37825363,35.1576899,129.1712349,adopt
영도,부산 영도구,https://map.naver.com/p/entry/place/36072682,35.0805433,129.0639264,adopt
도화소어린이공원,서울 마포구 토정로37길 22,https://map.naver.com/p/entry/place/18767865,37.5411832,126.9455471,adopt
재인폭포,경기 연천군 연천읍 부곡리 산 235,https://map.naver.com/p/entry/place/36252786,38.0746582,127.142075,adopt
"쉼, 어묵 그리고 한잔 술 덕이점",경기 고양시 일산서구 하이파크3로 23-3,https://map.naver.com/p/entry/place/1614340530,37.6935096,126.7533949,adopt
행복한체험캠핑장,경기 김포시 금포로 1196,https://map.naver.com/p/entry/place/1718144774,37.6512549,126.7010575,adopt
고인돌수석민속관,경기 광명시 광명로 651,https://map.naver.com/p/entry/place/1698590911,37.4586982,126.8445374,adopt
백빈건널목,서울 용산구 한강로3가 40-1007,https://map.naver.com/p/entry/place/2145624674,37.5251157,126.960784,adopt
아차산지하차도,서울 광진구 광장동 399-12,https://map.naver.com/p/entry/place/1873805850,37.5473849,127.0975501,adopt
비스타워커힐,서울 광진구 워커힐로 177,https://map.naver.com/p/entry/place/695321679,37.5542813,127.1111669,adopt
역삼빌딩,서울 강남구 테헤란로 205,https://map.naver.com/p/entry/place/254603085,37.5034666,127.0396055,adopt
장승백이전통시장,인천 남동구 장승로 17,https://map.naver.com/p/entry/place/13345708,37.4460879,126.735784,adopt
역무선방파제등대,인천 제물포구 연안동 82-11,https://map.naver.com/p/entry/place/1028668896,37.45445,126.5912448,adopt
동국빌리지,인천 제물포구 신포로35번길 54,https://map.naver.com/p/entry/place/16573819,37.4734,126.6235803,adopt
알짜마트,인천 미추홀구 경인로 51,https://map.naver.com/p/entry/place/1171689757,37.4647065,126.6486359,adopt
한류월드로(2),경기 고양시 일산동구 장항동 1770,https://map.naver.com/p/entry/place/19048856,37.6477061,126.7564178,adopt
무궁화로,경기 고양시 일산동구 무궁화로 11,https://map.naver.com/p/entry/place/20973429,37.6715184,126.7826346,adopt
라센트라,경기 용인시 처인구 이동읍 기흥단지로 579-1,https://map.naver.com/p/entry/place/1953972467,37.2245931,127.1562279,adopt
블루포트 장안대학교점,경기 화성시 효행구 봉담읍 삼천병마로 1182,https://map.naver.com/p/entry/place/1122795491,37.2137032,126.948035,adopt
1955 그로서리아,서울 중구 동호로 287,https://map.naver.com/p/entry/place/1216812929,37.5602762,127.0023153,adopt
서산동부시장,충남 서산시 시장3길 7-6,https://map.naver.com/p/entry/place/13346519,36.7823722,126.455736,adopt
전남대학교,전남광주통합특별시 북구 용봉로 77,https://map.naver.com/p/entry/place/11591626,35.1778193,126.9080453,adopt
광주극장,전남광주통합특별시 동구 충장로5가 62-2,https://map.naver.com/p/entry/place/11830496,35.1498538,126.9123795,adopt
벌교버스공용터미널,전남광주통합특별시 보성군 벌교읍 조정래길 2-8,https://map.naver.com/p/entry/place/11566579,34.8482606,127.3507709,adopt
장환마을,전남광주통합특별시 장흥군 관산읍 고마장환길 542,https://map.naver.com/p/entry/place/17038600,34.5658387,126.9990282,adopt
주교좌계산대성당,대구 중구 서성로 10,https://map.naver.com/p/entry/place/12197472,35.8679331,128.5878604,adopt
현대맨션1차 105동,제주 서귀포시 신서귀로 10,https://map.naver.com/p/entry/place/1178456794,33.2493788,126.5113803,adopt
NC백화점,서울 강서구 등촌동 689,https://map.naver.com/p/entry/place/18926668,37.5599572,126.8405062,adopt
중앙공인중개사사무소,서울 마포구 양화로7길 20,https://map.naver.com/p/entry/place/2045231240,37.5539425,126.913352,adopt
해담는다리,서울 서대문구 불광천길 159,https://map.naver.com/p/entry/place/18759291,37.5824085,126.9087506,adopt
신세계백화점,서울 중구 소공로 63,https://map.naver.com/p/entry/place/1105054687,37.5609695,126.9811547,adopt
잠실롯데백화점,서울 송파구 올림픽로 300,https://map.naver.com/p/entry/place/1816452175,37.5121487,127.0993579,adopt
마포대교,서울 영등포구 여의도동 84-10,https://map.naver.com/p/entry/place/18999832,37.5340684,126.9375033,adopt
이음더플레이스,서울 종로구 북촌로11나길 21,https://map.naver.com/p/entry/place/1139777754,37.5819372,126.9822469,adopt
광희문,서울 중구 광희동2가 106,https://map.naver.com/p/entry/place/19796534,37.5643526,127.0100059,adopt
롯데시네마,서울 광진구 자양동 227-7,https://map.naver.com/p/entry/place/12248169,37.5387525,127.0725003,adopt
장수갈매기,서울 마포구 도화동 182-11,https://map.naver.com/p/entry/place/11824283,37.5417388,126.9507161,adopt
보라매공원,서울 동작구 여의대방로20길33,https://map.naver.com/p/entry/place/21251978,37.4943071,126.9200434,adopt
선린인터넷고교,서울 용산구 청파동3가 131-2,https://map.naver.com/p/entry/place/12112180,37.5428137,126.9670559,adopt
라비두스,서울 중구 필동3가 62-11,https://map.naver.com/p/entry/place/32982104,37.5567261,126.996335,adopt
사창리터미널,강원특별자치도 화천군 사내면 사창리,https://map.naver.com/p/entry/place/1080501769,38.0715448,127.5229309,adopt
이가리 닻 전망대,경상북도 포항시 북구 청하면 이가리,https://map.naver.com/p/entry/place/1994273574,36.1878368,129.3790049,adopt
카페1703,,https://map.naver.com/p/entry/place/1487945533,36.2560233,129.3732978,adopt
석병1리 방파제,,https://map.naver.com/p/entry/place/37825293,36.0122004,129.5790042,adopt
구룡포해수욕장,,https://map.naver.com/p/entry/place/13490912,35.9972845,129.5663875,adopt
월포해수욕장,,https://map.naver.com/p/entry/place/13491120,36.2014936,129.3716299,adopt
월화원(수원 효원공원),경기도 수원시 팔달구 동수원로 399,https://map.naver.com/p/entry/place/13491854,37.2642749,127.0382624,adopt
서동요테마파크,충청남도 부여군 충화면 천신로 616,https://map.naver.com/p/entry/place/19493854,36.1453019,126.8235304,adopt
세운전자상가,서울특별시 종로구 청계천로 159,https://map.naver.com/p/entry/place/13304079,37.5692296,126.9952691,adopt
글로리호텔,충남 논산시 연무읍 봉황로 90,https://map.naver.com/p/entry/place/1566122911,36.1033275,127.105014,adopt
인천국제공항,인천 영종구 공항로 272,https://map.naver.com/p/entry/place/1325418181,37.4502703,126.4539558,adopt
문경새재오픈세트장,경상북도 문경시 문경읍 새재로 932,https://map.naver.com/p/entry/place/37844946,36.7714697,128.0740046,adopt
나주향교,전라남도 나주시 금계동,https://map.naver.com/p/entry/place/13523524,35.0340282,126.7114764,adopt
용인대장금파크,경기도 용인시 처인구 백암면 용천리,https://map.naver.com/p/entry/place/13523487,37.1214426,127.3369462,adopt
돼지각시와 연탄불,경기 수원시 영통구 동수원로507번길 15,https://map.naver.com/p/entry/place/12078896,37.2734569,127.0455315,adopt
구로기계공구상가,서울 구로구 경인로 577,https://map.naver.com/p/entry/place/18957070,37.5041672,126.8798441,adopt
문경새재 오픈세트장,경북 문경시 문경읍 새재로 932,https://map.naver.com/p/entry/place/37844946,36.7714697,128.0740046,adopt
창덕궁,서울 종로구 율곡로 99,https://map.naver.com/p/entry/place/12261493,37.5826041,126.9919376,adopt
황매산,경남 합천군 가회면 둔내리 산219,https://map.naver.com/p/entry/place/13491543,35.494233,127.9745981,adopt
안동 하회마을 부용대,경북 안동시 풍천면 광덕솔밭길 72,https://map.naver.com/p/entry/place/13537288,36.5428991,128.5160756,adopt
전주한옥마을,전북 전주시 완산구 풍남동3가 63-1,https://map.naver.com/p/entry/place/13208779,35.8183156,127.1536061,adopt
화암동굴,강원 정선군 화암면 화암리 산213-1,https://map.naver.com/p/entry/place/20259866,37.350933,128.79085,adopt
문경 선유동계곡,경북 문경시 가은읍 완장리,https://map.naver.com/p/entry/place/13491961,36.6712595,127.971675,adopt
경희대학교 평화의전당,서울 동대문구 경희대로 26,https://map.naver.com/p/entry/place/13281132,37.5986917,127.0527474,adopt
호텔 나루 서울 엠갤러리,서울 마포구 마포대로 8,https://map.naver.com/p/entry/place/1923905766,37.5374497,126.9442803,adopt
송도 트리플스트리트,인천 연수구 송도과학로16번길 33-1,https://map.naver.com/p/entry/place/1764383386,37.3800351,126.6605756,adopt
오크우드 프리미어 인천,인천 연수구 컨벤시아대로 165,https://map.naver.com/p/entry/place/35162649,37.389219,126.6445051,adopt
가톨릭대학교 의정부성모병원,경기 의정부시 천보로 271,https://map.naver.com/p/entry/place/11686906,37.7587045,127.0777625,adopt
안국빌딩,서울 종로구 율곡로 33,https://map.naver.com/p/entry/place/19468899,37.5759219,126.983388,adopt
동호대교,서울 성동구 옥수동 487,https://map.naver.com/p/entry/place/18783095,37.5361223,127.0212191,adopt
콘래드 서울,서울 영등포구 국제금융로 10,https://map.naver.com/p/entry/place/21202909,37.5255723,126.9266143,adopt
팔현캠프,경기 남양주시 오남읍 팔현로 175번길 310-60,https://map.naver.com/p/entry/place/13418485,37.6987001,127.2568979,adopt
그랑시티 시그니처타워,경기 안산시 상록구 해양3로 15,https://map.naver.com/p/entry/place/1627294611,37.2857613,126.8281224,adopt
송도라마다호텔,인천 연수구 능허대로267번길 29,https://map.naver.com/p/entry/place/11555545,37.4142032,126.6554124,adopt
군축교,강원 인제군 남면 남전리 704-2,https://map.naver.com/p/entry/place/15136311,38.0389146,128.1539463,adopt
에버랜드,경기도 용인시 처인구 포곡읍 에버랜드로 199,https://map.naver.com/p/entry/place/11574457,37.2933272,127.2013221,adopt
한탄강 하늘다리,경기도 포천시 영북면 비둘기낭길 207,https://map.naver.com/p/entry/place/1114984881,38.0902223,127.2737558,adopt
지혜의숲,경기도 파주시 회동길 145,https://map.naver.com/p/entry/place/34178163,37.7086723,126.6867275,adopt
메디테리움 의학박물관,경기 파주시 회동길 338,https://map.naver.com/p/entry/place/1354573927,37.7156096,126.6919271,adopt
성신여자대학교 운정그린캠퍼스,서울 강북구 도봉로76가길 55,https://map.naver.com/p/entry/place/1804541411,37.6322547,127.0275733,adopt
아침고요수목원,경기 가평군 상면 수목원로 432,https://map.naver.com/p/entry/place/11622274,37.7427259,127.352525,adopt
인천국제공항,인천 영종구 공항로 272,https://map.naver.com/p/entry/place/1609342642,37.4411124,126.461462,adopt
합천영상테마파크,경남 합천군 용주면 합천호수로 757,https://map.naver.com/p/entry/place/13291032,35.5484071,128.0728405,adopt
당진문예의전당,충남 당진시 무수동2길 25-21,https://map.naver.com/p/entry/place/13282039,36.8905275,126.638037,adopt
비맨션,경기 부천시 소사구 소사동로 205,https://map.naver.com/p/entry/place/2081676435,37.4798489,126.8150822,adopt
서강대교,서울 영등포구 여의도동 83-1,https://map.naver.com/p/entry/place/18999808,37.5378529,126.9255699,adopt
스위스 그랜드 호텔,서울 서대문구 연희로 353,https://map.naver.com/p/entry/place/11635169,37.5890146,126.9340625,adopt
에어플레인모드,서울 서대문구 연세로4길 36,https://map.naver.com/p/entry/place/1237443583,37.5577072,126.9386878,adopt
웅진플레이도시,경기 부천시 원미구 조마루로 2,https://map.naver.com/p/entry/place/13294864,37.4999701,126.7442353,adopt
잉글랜드돈까스,인천 제물포구 우현로90번길 7,https://map.naver.com/p/entry/place/11671277,37.4741645,126.6310486,adopt
알로프트 서울 명동,서울 중구 남대문로 56,https://map.naver.com/p/entry/place/560390129,37.5623071,126.9819084,adopt
미래농원 MRNW,대구 북구 호국로 300-22,https://map.naver.com/p/entry/place/1818837708,35.9299561,128.6007754,adopt
상주중앙시장,경북 상주시 중앙시장길 40-50 일대,https://map.naver.com/p/entry/place/13347428,36.4136439,128.161378,adopt
팔달공원,경기 수원시 팔달구 팔달산로 108,https://map.naver.com/p/entry/place/13197662,37.277575,127.010738,adopt
청계천,서울특별시 종로구 서린동 148,https://map.naver.com/p/entry/place/13491093,37.5696512,127.0056375,adopt
29펍 Tokyo Elegant 4호점,서울특별시 강남구 강남대로110길 14,https://map.naver.com/p/entry/place/1899240326,37.5038353,127.0260056,adopt
국립중앙박물관,서울 용산구 서빙고로 137,https://map.naver.com/p/entry/place/11620570,37.5240867,126.980388,adopt
순복음강남교회,서울 강남구 역삼로8길 12,https://map.naver.com/p/entry/place/12034730,37.4933127,127.0334431,adopt
웨이브앤샌드,서울 서초구 언남11길 34-2,https://map.naver.com/p/entry/place/1307597869,37.4760177,127.0436362,adopt
불암산 애기봉,경기 남양주시 별내동 산 237-1,https://map.naver.com/p/entry/place/1660042405,37.660829,127.1018198,adopt
서울타워,서울 용산구 용산동2가 산 1-3,https://map.naver.com/p/entry/place/11662870,37.5512168,126.9882475,adopt
서울마포경찰서 월드컵지구대,서울 마포구 월드컵북로30길 24,https://map.naver.com/p/entry/place/32053302,37.5687465,126.9091061,adopt
꿈의숲아트센터,서울 강북구 월계로 173,https://map.naver.com/p/entry/place/13220399,37.6214823,127.0385372,adopt
가천대 길병원,인천 남동구 남동대로774번길 21,https://map.naver.com/p/entry/place/11559098,37.452171,126.7092258,adopt
덕성여자고등학교,서울 종로구 율곡로3길 50,https://map.naver.com/p/entry/place/12002126,37.5776753,126.9829957,adopt
북촌마을안내소,서울 종로구 북촌로5길 48,https://map.naver.com/p/entry/place/1371037124,37.5795515,126.983188,adopt
성보고등학교 정문,서울 관악구 남부순환로156길 39,https://map.naver.com/p/entry/place/18726759,37.481031,126.9205636,adopt
고양종합터미널,경기 고양시 일산동구 중앙로 1036,https://map.naver.com/p/entry/place/21336976,37.642978,126.7898736,adopt
여의도환승센터,서울 영등포구 여의도동 2-11,https://map.naver.com/p/entry/place/34975485,37.5259892,126.9240591,adopt
스탠포드호텔 서울,서울 마포구 월드컵북로58길 15,https://map.naver.com/p/entry/place/634033964,37.5823364,126.8866529,adopt
수원지방법원 안산지원,경기 안산시 단원구 광덕서로 75,https://map.naver.com/p/entry/place/11668387,37.3119166,126.8264251,adopt
서울영등포경찰서,서울 영등포구 국회대로 608,https://map.naver.com/p/entry/place/11642496,37.5258475,126.9009425,adopt
건국대학교 청심대,서울 광진구 능동로 120,https://map.naver.com/p/entry/place/18834266,37.542412,127.0768533,adopt
서울특별시 보라매병원,서울 동작구 보라매로5길 20,https://map.naver.com/p/entry/place/11814778,37.4934413,126.9239058,adopt
YTN 뉴스퀘어,서울 마포구 상암산로 76,https://map.naver.com/p/entry/place/11626729,37.5792102,126.8924972,adopt
서대문형무소역사관,서울 서대문구 통일로 251,https://map.naver.com/p/entry/place/12384776,37.5742887,126.9562269,adopt
삼척해수욕장,강원 삼척시 갈천동 14-22,https://map.naver.com/p/entry/place/11491725,37.4683792,129.16873,adopt
엘리시안강촌 스키장,강원특별자치도 춘천시 남산면 북한강변길 688,https://map.naver.com/p/entry/place/15648643,37.8167312,127.5879198,adopt
의정부 행복로,경기도 의정부시 행복로 12,https://map.naver.com/p/entry/place/2095358405,37.7397875,127.0487427,adopt
사성암,전라남도 구례군 문척면 사성암길 303,https://map.naver.com/p/entry/place/13322411,35.1801005,127.4806127,adopt
아홉산숲,부산광역시 기장군 철마면 미동길 37-1,https://map.naver.com/p/entry/place/36513659,35.287641,129.17092,adopt
동백섬,부산광역시 해운대구 우동 710-1,https://map.naver.com/p/entry/place/11491874,35.1539199,129.152185,adopt
다대포해수욕장,부산광역시 사하구 몰운대1길 14,https://map.naver.com/p/entry/place/13491855,35.0471271,128.9632342,adopt
부산외국어대학교 남산동캠퍼스,부산광역시 금정구 금샘로485번길 65,https://map.naver.com/p/entry/place/11591561,35.2670499,129.07905,adopt
국립부산국악원,부산광역시 부산진구 국악로 2,https://map.naver.com/p/entry/place/13111142,35.1714921,129.0542705,adopt
이기대공원,부산광역시 남구 용호동 산25,https://map.naver.com/p/entry/place/13338933,35.1155515,129.1232661,adopt
충무동 새벽시장,부산광역시 서구 해안새벽시장길 68,https://map.naver.com/p/entry/place/35150267,35.093299,129.0247793,adopt
부산광역시 교통정보서비스센터,부산광역시 연제구 고분로 221,https://map.naver.com/p/entry/place/13479035,35.1849286,129.1057592,adopt
주문진방파제,강원특별자치도 강릉시 주문진읍 교항리,https://map.naver.com/p/entry/place/15696330,37.8876911,128.8331207,adopt
북촌한옥마을,서울 종로구 북촌로 53,https://map.naver.com/p/entry/place/13034552,37.581354,126.9850839,adopt
도봉산,서울 도봉구 도봉산길 92-1,https://map.naver.com/p/entry/place/13491821,37.6988562,127.0154918,adopt
경기전,전북 전주시 완산구 태조로 44,https://map.naver.com/p/entry/place/17450388,35.8140596,127.1511577,adopt
경주 오릉,경북 경주시 포석로 907,https://map.naver.com/p/entry/place/20098998,35.8234594,129.2088209,adopt
청계천,서울 종로구 서린동 148,https://map.naver.com/p/entry/place/13491093,37.5696512,127.0056375,adopt
일산호수공원,경기 고양시 일산동구 호수로 595,https://map.naver.com/p/entry/place/1644398830,37.6591853,126.7610008,adopt
SBS 일산제작센터,경기 고양시 일산서구 일현로 111,https://map.naver.com/p/entry/place/19057319,37.6968552,126.7656989,adopt
비응항,전북특별자치도 군산시 비응로 6,https://map.naver.com/p/entry/place/17501860,35.9346263,126.5261749,adopt
만석부두,인천 제물포구 만석동 2-407,https://map.naver.com/p/entry/place/16584236,37.4883715,126.6222991,adopt
더작심 김포걸포점,경기 김포시 걸포2로 33,https://map.naver.com/p/entry/place/1473193001,37.6332939,126.7036917,adopt
원효아파트,서울 용산구 원효로2가 94-2,https://map.naver.com/p/entry/place/18719506,37.5350224,126.961374,adopt
남산서울타워,서울 용산구 용산동2가 산 1-3,https://map.naver.com/p/entry/place/1358285526,37.5512919,126.9881611,adopt
인천국제공항 제1교통센터,인천 영종구 운서동 2851,https://map.naver.com/p/entry/place/2143894044,37.4473823,126.4526054,adopt
부산항연안여객터미널,부산 중구 중앙동4가 15-3,https://map.naver.com/p/entry/place/13315812,35.1026501,129.0419879,adopt
세명대학교,충북 제천시 신월동 579,https://map.naver.com/p/entry/place/11591590,37.1810509,128.1968369,adopt
홍대 어울마당로,서울 마포구 어울마당로,https://map.naver.com/p/entry/place/18791648,37.5468416,126.9194538,adopt
현대원서공원,서울 종로구 원서동 181,https://map.naver.com/p/entry/place/18671803,37.5781749,126.9886124,adopt
N서울타워,서울 용산구 남산공원길 105,https://map.naver.com/p/entry/place/11662870,37.5512168,126.9882475,adopt
쁘띠프랑스,경기 가평군 청평면 호반로 1063,https://map.naver.com/p/entry/place/12913212,37.715629,127.49058,adopt
인천대학교 송도캠퍼스,인천 연수구 아카데미로 119,https://map.naver.com/p/entry/place/11591623,37.3754977,126.6332532,adopt
한국민속촌,경기 용인시 기흥구 민속촌로 90,https://map.naver.com/p/entry/place/11620801,37.2594023,127.1205573,adopt
인천시립박물관,인천 연수구 청량로160번길 26,https://map.naver.com/p/entry/place/1167021416,37.4207501,126.6531617,adopt
동대문디자인플라자,서울 중구 을지로 281,https://map.naver.com/p/entry/place/18063223,37.5675465,127.0099323,adopt
석촌호수,서울 송파구 잠실동 47,https://map.naver.com/p/entry/place/13491520,37.5095249,127.102135,adopt
반포한강공원,서울 서초구 신반포로11길 40,https://map.naver.com/p/entry/place/13416963,37.5100172,126.995032,adopt
광화문광장,서울 종로구 세종대로 175,https://map.naver.com/p/entry/place/13349962,37.5740533,126.9768908,adopt
경희대학교 평화의전당,서울특별시 동대문구 경희대로 26,https://map.naver.com/p/entry/place/13281132,37.5986917,127.0527474,adopt
광안대교,부산광역시 수영구 민락동 113-52,https://map.naver.com/p/entry/place/12126649,35.14548,129.1282041,adopt
소월로,서울특별시 용산구 소월로,https://map.naver.com/p/entry/place/21168353,37.5485475,126.9842382,adopt
인하대학교 본관,인천 미추홀구 인하로 100,https://map.naver.com/p/entry/place/16592205,37.4493536,126.654341,adopt
인하대학교 정석학술정보관,인천 미추홀구 인하로 100,https://map.naver.com/p/entry/place/11592568,37.4494259,126.6524977,adopt
금강약돌참숯찜질방,인천 연수구 능허대로165번길 13,https://map.naver.com/p/entry/place/11821581,37.4207575,126.6475201,adopt
이강분무교동낙지나라,서울 중랑구 면목로 302,https://map.naver.com/p/entry/place/1181561514,37.579319,127.0872894,adopt
아다마스253,경기 파주시 탄현면 헤이리마을길 47,https://map.naver.com/p/entry/place/31148701,37.7877882,126.6980231,adopt
메가박스 코엑스,서울 강남구 영동대로 513,https://map.naver.com/p/entry/place/12307868,37.512613,127.0587435,adopt
비내섬,충청북도 충주시 소태면 복탄리 908,https://map.naver.com/p/entry/place/20327269,37.1089902,127.8153848,adopt
아야진해변,강원특별자치도 고성군 토성면 아야진리,https://map.naver.com/p/entry/place/19597225,38.2802872,128.5515118,adopt
상도문 돌담마을,강원특별자치도 속초시 상도문1길 30,https://map.naver.com/p/entry/place/15100341,38.1640486,128.5540375,adopt
행궁동벽화마을,경기 수원시 팔달구 화서문로 82-6,https://map.naver.com/p/entry/place/36733772,37.285537,127.0165972,adopt
방화수류정,경기 수원시 팔달구 화성성곽길 233,https://map.naver.com/p/entry/place/32745598,37.2875749,127.0181472,adopt
연무대주차장,경기 수원시 팔달구 매향동 3-17,https://map.naver.com/p/entry/place/1322635118,37.2872676,127.0234601,adopt
하조대해변,강원특별자치도 양양군 현북면 하륜길 54,https://map.naver.com/p/entry/place/1146764676,38.021533,128.726221,adopt
포항 죽도시장,경북 포항시 북구 죽도시장13길 13-1,https://map.naver.com/p/entry/place/1112173336,36.0371054,129.3682073,adopt
여의도한강공원 물빛광장,서울 영등포구 여의도동 84-9,https://map.naver.com/p/entry/place/1827444273,37.5315231,126.92696,adopt
익산교도소세트장,전북특별자치도 익산시 성당면 함낭로 207,https://map.naver.com/p/entry/place/37471479,36.0695673,126.9315194,adopt
빠삐용Zip(옛 장흥교도소),전남 장흥군 장흥읍 장흥로 98,https://map.naver.com/p/entry/place/1363633162,34.6878022,126.9139961,adopt
지노,경기 파주시 탄현면 새오리로 211-17,https://map.naver.com/p/entry/place/13534638,37.8009086,126.6866299,adopt
서울식물원,서울 강서구 마곡동 737,https://map.naver.com/p/entry/place/1932878505,37.5682071,126.8327466,adopt
경인미술관,서울 종로구 인사동5길 11,https://map.naver.com/p/entry/place/11620387,37.5744512,126.9854624,adopt
옥계해변,강원특별자치도 강릉시 옥계면 금진리 일대,https://map.naver.com/p/entry/place/13444970,37.6287814,129.0492998,adopt
금진항,강원특별자치도 강릉시 옥계면 금진리 일대,https://map.naver.com/p/entry/place/36072511,37.6521987,129.0515875,adopt
정동진,강원특별자치도 강릉시 강동면 정동역길 17,https://map.naver.com/p/entry/place/13491286,37.6925306,129.0317609,adopt
가든갤러리 팔당덕소본점,경기 남양주시 강변북로632번길 57-28,https://map.naver.com/p/entry/place/12017864,37.5879091,127.1740914,adopt
춘천송암스포츠타운 주경기장,강원 춘천시 스포츠타운길 136,https://map.naver.com/p/entry/place/21070781,37.8559164,127.6910092,adopt
의정부교도소,경기 의정부시 고산동 818,https://map.naver.com/p/entry/place/36831780,37.7270982,127.0925018,adopt
로이터 커피 셸터,서울 중구 필동3가 62-11,https://map.naver.com/p/entry/place/1590613420,37.5567632,126.9959396,adopt
와인컬렉터 삼성점,서울 강남구 삼성동,https://map.naver.com/p/entry/place/1505144187,37.5061764,127.0529126,adopt
여유도예공방,전남 여수시 만성리길 53,https://map.naver.com/p/entry/place/1478301006,34.7792412,127.7453031,adopt
삽교호놀이동산,충남 당진시 신평면 삽교천3길 15,https://map.naver.com/p/entry/place/12973592,36.8902475,126.8221257,adopt
3917마중,전남 나주시 향교길 42-16,https://map.naver.com/p/entry/place/1848068419,35.0335719,126.7107755,adopt
울산대학교,울산 남구 대학로 93,https://map.naver.com/p/entry/place/11591612,35.5437482,129.2561333,adopt
국립경국대학교 안동캠퍼스,경북 안동시 경동로 1375,https://map.naver.com/p/entry/place/11591600,36.5422432,128.7971386,adopt
홍대 와우산로27길,서울 마포구 와우산로27길,https://map.naver.com/p/entry/place/18786938,37.5544247,126.9268312,adopt
여수서시장,전남 여수시 서교연등천길 43,https://map.naver.com/p/entry/place/13347610,34.7418701,127.7285795,adopt
홀통해수욕장,전남 무안군 현경면 홀통길 156,https://map.naver.com/p/entry/place/13491237,35.0622739,126.3374222,adopt
미미옥 신용산점,서울 용산구 한강대로15길 27,https://map.naver.com/p/entry/place/1565282758,37.5262852,126.9630047,adopt
미메시스 아트 뮤지엄,경기 파주시 문발로 253,https://map.naver.com/p/entry/place/32520738,37.7167323,126.6888927,adopt
강동경희대병원,서울 강동구 상일동 149,https://map.naver.com/p/entry/place/38463117,37.5534484,127.1573794,adopt
인천국제공항 제1교통센터,인천 영종구 공항로 271,https://map.naver.com/p/entry/place/2143894044,37.4473823,126.4526054,adopt
쓰리팝 PC방 대방점,서울 동작구 등용로 123,https://map.naver.com/p/entry/place/687308769,37.51213,126.931791,adopt
CU 공군호텔점,서울 영등포구 신길동 1279,https://map.naver.com/p/entry/place/1619912788,37.51089,126.922918,adopt
한온시스템 생활관(구 한라공조 생활관),대전 대덕구 신일서로 95,https://map.naver.com/p/entry/place/16117048,36.4448469,127.4095174,adopt
책마을 경기광주점,경기 광주시 중앙로145번길 25,https://map.naver.com/p/entry/place/38427490,37.4123296,127.2544666,adopt
루하스사우나,서울 은평구 통일로 1020,https://map.naver.com/p/entry/place/37564357,37.6338023,126.9177389,adopt
지후아타네호,경기 성남시 분당구 판교공원로2길 45,https://map.naver.com/p/entry/place/19723806,37.3901798,127.0931611,adopt
서울여자대학교 50주년기념관,서울 노원구 화랑로 621,https://map.naver.com/p/entry/place/33134080,37.6261454,127.0931736,adopt
삼거마을삼성래미안1차아파트,경기 용인시 기흥구 용구대로2394번길 27,https://map.naver.com/p/entry/place/831296334,37.2988676,127.1112756,adopt
명륜진사갈비 포천시청점,경기 포천시 신북면 중앙로 332,https://map.naver.com/p/entry/place/1575787819,37.9052912,127.2076596,adopt
월드컵대교,서울 마포구 상암동 1541,https://map.naver.com/p/entry/place/18809568,37.5553747,126.8848905,adopt
청운공원 다목적운동장,서울 종로구 청운동 7-6,https://map.naver.com/p/entry/place/18661643,37.5886646,126.9660608,adopt
안산올림픽기념관,경기 안산시 단원구 적금로 202,https://map.naver.com/p/entry/place/13412810,37.3263282,126.8274302,adopt
송도IBS타워,인천 연수구 센트럴로 263,https://map.naver.com/p/entry/place/19404009,37.3981453,126.6339398,adopt
남산서울타워,서울 용산구 남산공원길 105,https://map.naver.com/p/entry/place/1358285526,37.5512919,126.9881611,adopt
송도웰니스센터,인천 연수구 송도동,https://map.naver.com/p/entry/place/1214292490,37.3866584,126.6116092,adopt
상주은모래비치,경상남도 남해군 상주면 상주리,https://map.naver.com/p/entry/place/1856329394,34.7213666,127.9878363,adopt
용인대학교,경기도 용인시 처인구 용인대학로 134,https://map.naver.com/p/entry/place/11591609,37.2270151,127.1678561,adopt
인하대학교,인천광역시 미추홀구 인하로 100,https://map.naver.com/p/entry/place/11591624,37.4507292,126.6538126,adopt
서울과학기술대학교,서울특별시 노원구 공릉로 232,https://map.naver.com/p/entry/place/11591577,37.6316217,127.0783723,adopt
삼육대학교,서울특별시 노원구 화랑로 815,https://map.naver.com/p/entry/place/11591563,37.6429793,127.1042696,adopt
한국체육대학교,서울특별시 송파구 양재대로 1239,https://map.naver.com/p/entry/place/11591664,37.5198884,127.1308625,adopt
이월드,대구광역시 달서구 두류공원로 200,https://map.naver.com/p/entry/place/11556649,35.8530292,128.5657599,adopt
응봉산 팔각정,서울특별시 성동구 금호동4가 1540,https://map.naver.com/p/entry/place/317542230,37.5478769,127.0298879,adopt
옥순봉,충청북도 제천시 수산면 괴곡리 산9,https://map.naver.com/p/entry/place/19501194,36.943652,128.236924,adopt
무릉계곡관광지,강원특별자치도 동해시 삼화로 538,https://map.naver.com/p/entry/place/11491159,37.46216,129.012875,adopt
숙명여자대학교 명신관,서울 용산구 청파로47길 100,https://map.naver.com/p/entry/place/18717844,37.5458093,126.9636153,adopt
스카이247,경기 하남시 망월동,https://map.naver.com/p/entry/place/2048396034,37.5766518,127.1917806,adopt
오크밸리리조트 피클볼파크,강원특별자치도 원주시 지정면 월송리 1061-16,https://map.naver.com/p/entry/place/1855252234,37.4338902,127.8199714,adopt
월미공원,인천 제물포구 북성동1가 산 125,https://map.naver.com/p/entry/place/16578416,37.4738791,126.6019733,adopt
남산서울타워,서울 용산구 용산동2가 산 1-3,https://map.naver.com/p/entry/place/1358285526,37.5512919,126.9881611,adopt
광치기해변,제주 서귀포시 성산읍 고성리 224-33,https://map.naver.com/p/entry/place/38466341,33.4511713,126.9243828,adopt
김경숙해바라기농장,제주 제주시 번영로 854-1,https://map.naver.com/p/entry/place/37746597,33.4774112,126.6281482,adopt
신창풍차해안도로,제주 제주시 한경면 신창리 1481-23,https://map.naver.com/p/entry/place/17040007,33.3427339,126.172126,adopt
스카이다이브 코리아,충북 충주시 앙성면 단암리 125,https://map.naver.com/p/entry/place/37001034,37.1937508,127.7435642,adopt
덕수궁 디팰리스,서울 종로구 신문로2가 171,https://map.naver.com/p/entry/place/18665871,37.5686546,126.9720624,adopt
메가박스 코엑스,서울 강남구 삼성동 159,https://map.naver.com/p/entry/place/12307868,37.512613,127.0587435,adopt
서울역,서울 중구 봉래동2가 122-11,https://map.naver.com/p/entry/place/2048229374,37.5543111,126.9712102,adopt
얄개분식,충청남도 서산시 해미면 읍성마을4길 24-1,https://map.naver.com/p/entry/place/17592939,36.7106564,126.5462433,adopt
보리나라 학원농장,전북특별자치도 고창군 공음면 학원농장길 154,https://map.naver.com/p/entry/place/1968609119,35.3754435,126.5425884,adopt
한옥카페 선운각,서울 강북구 삼양로173길 223,https://map.naver.com/p/entry/place/1534254210,37.6556724,126.9998787,adopt
쌍대포소금구이,서울 용산구 청파로 291,https://map.naver.com/p/entry/place/11711391,37.5455826,126.9701676,adopt
예빈산,경기 남양주시 와부읍 팔당리,https://map.naver.com/p/entry/place/18209515,37.5456456,127.2713497,adopt
지미추 여주프리미엄아울렛점,경기도 여주시 명품로 360,https://map.naver.com/p/entry/place/1563053720,37.2414046,127.6125182,adopt
자유공원,인천 제물포구 송학동1가 11-1,https://map.naver.com/p/entry/place/1724343541,37.475139,126.6229175,adopt
건양고등학교,충남 논산시 양촌면 황산벌로 486-21,https://map.naver.com/p/entry/place/12236273,36.1415408,127.2343079,adopt
페어몬트 앰배서더 서울,서울 영등포구 여의도대로 108,https://map.naver.com/p/entry/place/1356389745,37.5252396,126.9290609,adopt
이엔갤러리,서울 종로구 평창동 495-19,https://map.naver.com/p/entry/place/603799070,37.6131653,126.9707769,adopt
이월드,대구 달서구 두류공원로 200,https://map.naver.com/p/entry/place/11556649,35.8530292,128.5657599,adopt
숭례문,서울 중구 세종대로 40,https://map.naver.com/p/entry/place/13491509,37.5599757,126.9753562,adopt
삽교호놀이공원,충남 당진시 신평면 삽교천3길 15,https://map.naver.com/p/entry/place/12973592,36.8902475,126.8221257,adopt
마곡중앙로,서울 강서구 마곡중앙로,https://map.naver.com/p/entry/place/19686712,37.5566341,126.8264878,adopt
정도리 구계등,전남 완도군 완도읍 정도리 960,https://map.naver.com/p/entry/place/17170086,34.2977373,126.705832,adopt
대천해수욕장,충남 보령시 머드로 123,https://map.naver.com/p/entry/place/11784288,36.3101404,126.5131254,adopt
계명대학교 동산병원,대구 달서구 달구벌대로 1035,https://map.naver.com/p/entry/place/21849562,35.8540994,128.4802188,adopt
더스테이힐링파크,경기 가평군 설악면 한서로268번길 157,https://map.naver.com/p/entry/place/38477833,37.6617742,127.5243652,adopt
알펜시아 리조트,강원특별자치도 평창군 대관령면 솔봉로 325,https://map.naver.com/p/entry/place/12398587,37.6581327,128.6714455,adopt
서울드래곤시티,서울 용산구 청파로20길 95,https://map.naver.com/p/entry/place/1433721445,37.5318181,126.9627637,adopt
자연부여유스호스텔,충남 부여군 외산면 반교동로 6,https://map.naver.com/p/entry/place/11796530,36.2849774,126.7171733,adopt
경희대학교 평화의전당,서울 동대문구 경희대로 26,https://map.naver.com/p/entry/place/13281132,37.5986917,127.0527474,adopt
송월동동화마을,인천 제물포구 송월동3가 17-1,https://map.naver.com/p/entry/place/34590409,37.4779369,126.6205644,adopt
놀뫼시민장례식장,충남 논산시 내동 497,https://map.naver.com/p/entry/place/17336999,36.1789493,127.0964481,adopt
일품양고치,경기 군포시 당동 750-28,https://map.naver.com/p/entry/place/1792994872,37.3536341,126.9471933,adopt
월미도,인천 제물포구 북성동1가 125,https://map.naver.com/p/entry/place/13491282,37.4735825,126.5992643,adopt
신포국제시장,인천 제물포구 우현로49번길 25,https://map.naver.com/p/entry/place/13345639,37.47142,126.6272227,adopt
중부시장,서울 중구 을지로5가 270-37,https://map.naver.com/p/entry/place/13304239,37.565294,127.0007567,adopt
원마운트,경기 고양시 일산서구 한류월드로 300,https://map.naver.com/p/entry/place/13448741,37.6645742,126.7545356,adopt
NC백화점 강서점,서울 강서구 강서로56길 17,https://map.naver.com/p/entry/place/18926668,37.5599572,126.8405062,adopt
반포대교,서울 서초구 반포동 647 일대,https://map.naver.com/p/entry/place/18764688,37.5158497,126.9958922,adopt
목포근대역사관 1관,전남 목포시 영산로29번길 6,https://map.naver.com/p/entry/place/1281942881,34.7874986,126.3820765,adopt
망상해수욕장,강원특별자치도 동해시 동해대로 6270-10,https://map.naver.com/p/entry/place/11491695,37.5922645,129.0896823,adopt
서울대공원,경기 과천시 대공원광장로 102,https://map.naver.com/p/entry/place/12115604,37.4264494,127.0198465,adopt
롯데월드타워,서울 송파구 올림픽로 300,https://map.naver.com/p/entry/place/35306752,37.5125701,127.1025624,adopt
한양대학교 ERICA캠퍼스,경기 안산시 상록구 한양대학로 55,https://map.naver.com/p/entry/place/12185512,37.295426,126.8353161,adopt
일산호수공원,경기 고양시 일산동구 호수로 731,https://map.naver.com/p/entry/place/1644398830,37.6591853,126.7610008,adopt
서울약령시장,서울 동대문구 약령중앙로 일대,https://map.naver.com/p/entry/place/13304428,37.5814812,127.0373322,adopt
문경새재 오픈세트장,경북 문경시 문경읍 새재로 932,https://map.naver.com/p/entry/place/37844946,36.7714697,128.0740046,adopt
전곡항,경기 화성시 서신면 전곡항로 5,https://map.naver.com/p/entry/place/13491438,37.1876099,126.6506999,adopt
화성시 우리꽃식물원,경기 화성시 팔탄면 3.1만세로 777-17,https://map.naver.com/p/entry/place/13208339,37.116383,126.8794779,adopt
벽초지수목원,경기 파주시 광탄면 부흥로 242,https://map.naver.com/p/entry/place/11631797,37.8005109,126.8754409,adopt
문화제조창,충북 청주시 청원구 상당로 314,https://map.naver.com/p/entry/place/1660602723,36.6564383,127.4909154,adopt
수암골 벽화마을,충북 청주시 상당구 수암로 일대,https://map.naver.com/p/entry/place/13508215,36.647334,127.4950614,adopt
청남대 본관,충북 청주시 상당구 문의면 청남대길 646,https://map.naver.com/p/entry/place/17810395,36.4599093,127.4885146,adopt
운보의 집,충북 청주시 청원구 내수읍 형동2길 92-41,https://map.naver.com/p/entry/place/11797270,36.6921914,127.565099,adopt
성안길,충북 청주시 상당구 북문로1가 일대,https://map.naver.com/p/entry/place/830674182,36.6339924,127.488609,adopt
국립청주박물관,충북 청주시 상당구 명암로 143,https://map.naver.com/p/entry/place/11620564,36.6497326,127.5119729,adopt
현대프리미엄아울렛 김포점,경기 김포시 고촌읍 아라육로152번길 100,https://map.naver.com/p/entry/place/33703856,37.5993623,126.7855514,adopt
대둔산,전북특별자치도 완주군 운주면 산북리 611-34,https://map.naver.com/p/entry/place/11622376,36.1245895,127.3204709,adopt
인천문학경기장 암벽장,인천 미추홀구 매소홀로 618,https://map.naver.com/p/entry/place/16620787,37.4339721,126.6932513,adopt
하늘공원 메타세쿼이아길,서울 마포구 상암동 482-49,https://map.naver.com/p/entry/place/18809401,37.5654494,126.8831813,adopt
쏠비치 양양,강원특별자치도 양양군 손양면 선사유적로 678,https://map.naver.com/p/entry/place/12276263,38.086995,128.6655974,adopt
난지한강공원,서울 마포구 한강난지로 162,https://map.naver.com/p/entry/place/13416975,37.5672573,126.8744074,adopt
더화이트베일,서울 서초구 서초중앙로 14,https://map.naver.com/p/entry/place/12023277,37.4838261,127.0179212,adopt
동화힐링캠프,경기 파주시 파평면 파평산로363번길 32-9,https://map.naver.com/p/entry/place/35637335,37.8908807,126.8403803,adopt
홍제동 개미마을,서울특별시 서대문구 세검정로4길 100-58 일대,https://map.naver.com/p/entry/place/33997144,37.590929,126.9525597,adopt
설매재자연휴양림,경기도 양평군 옥천면 용천로 510,https://map.naver.com/p/entry/place/11491027,37.5560589,127.5130609,adopt
용문사,경기도 양평군 용문면 용문산로 782,https://map.naver.com/p/entry/place/11663934,37.5498423,127.5709011,adopt
궁남지,충청남도 부여군 부여읍 궁남로 52,https://map.naver.com/p/entry/place/13302613,36.2696838,126.9124007,adopt
안동 이상루 고택,경북 안동시 서후면 풍산태사로 3193-6,https://map.naver.com/p/entry/place/15831419,36.6347182,128.6784017,adopt
용두산공원,부산 중구 용두산길 37-55,https://map.naver.com/p/entry/place/19663110,35.0985861,129.0334821,adopt
천마산 하늘전망대,부산 서구 해돋이로183번길 17-4,https://map.naver.com/p/entry/place/1922738377,35.0936085,129.0173146,adopt
스카이피자,서울특별시 동작구 노량진로6길 86,https://map.naver.com/p/entry/place/1419012806,37.5096054,126.9370713,adopt
부산데파트,부산광역시 중구 중앙대로 21,https://map.naver.com/p/entry/place/13346362,35.0994746,129.0361398,adopt
자갈치공영주차장,부산광역시 중구 구덕로 93,https://map.naver.com/p/entry/place/1796386156,35.09656,129.0259265,adopt
부산디자인진흥원,부산광역시 해운대구 센텀동로 57,https://map.naver.com/p/entry/place/12189741,35.1740103,129.1293726,adopt
인천항 연안부두,인천 제물포구 연안부두로 70,https://map.naver.com/p/entry/place/13508319,37.4556063,126.6003589,adopt
춘천경찰서,강원특별자치도 춘천시 춘천로 61,https://map.naver.com/p/entry/place/11642384,37.8703558,127.7235447,adopt
송도센트럴파크호텔,인천광역시 연수구 테크노파크로 193,https://map.naver.com/p/entry/place/19398065,37.3906387,126.6375923,adopt
김포 아라마리나,경기도 김포시 고촌읍 아라육로270번길 73,https://map.naver.com/p/entry/place/518033977,37.5994204,126.7892757,adopt
팬시 앤 게임,경기도 안산시 단원구 고잔1길 52,https://map.naver.com/p/entry/place/1912588531,37.3179881,126.8390615,adopt
한향림도자미술관,경기도 파주시 탄현면 헤이리마을길 82-37,https://map.naver.com/p/entry/place/1819147398,37.7889114,126.7011765,adopt
한채당,경기도 하남시 미사동로 38,https://map.naver.com/p/entry/place/12039603,37.5706351,127.2016396,adopt
애스턴마틴 서울,서울특별시 강남구 영동대로 326,https://map.naver.com/p/entry/place/1275517923,37.5037865,127.0664302,adopt
부전역,부산 부산진구 부전로 181,https://map.naver.com/p/entry/place/232690542,35.1645283,129.0601537,adopt
부산철도차량정비단,부산 부산진구 신천대로 215,https://map.naver.com/p/entry/place/16791326,35.1605813,129.0482787,adopt
행신역,경기 고양시 덕양구 소원로 102,https://map.naver.com/p/entry/place/13479773,37.6121179,126.8343245,adopt
삽교역,충남 예산군 삽교읍 삽교역로 101-14,https://map.naver.com/p/entry/place/1520279183,36.6805696,126.7517052,adopt
청주역,충북 청주시 흥덕구 청주역로 363,https://map.naver.com/p/entry/place/17785825,36.6466654,127.3934875,adopt
조선대학교 본관,광주광역시 동구 조선대길 146,https://map.naver.com/p/entry/place/16267377,35.142657,126.934675,adopt
경북대학교 본관,대구광역시 북구 대학로 80,https://map.naver.com/p/entry/place/16339946,35.8903819,128.611975,adopt
청남대,충청북도 청주시 상당구 문의면 청남대길 646,https://map.naver.com/p/entry/place/17810395,36.4599093,127.4885146,adopt
고운당,서울특별시 종로구 자하문로8길 20,https://map.naver.com/p/entry/place/1844025986,37.5789514,126.9709348,adopt
대명비발디파크 오션월드,강원특별자치도 홍천군 서면 한치골길 262,https://map.naver.com/p/entry/place/11795570,37.6508569,127.6874206,adopt
문경새재 오픈세트장,경상북도 문경시 문경읍 새재로 932,https://map.naver.com/p/entry/place/37844946,36.7714697,128.0740046,adopt
김룡사,경상북도 문경시 산북면 김용길 372,https://map.naver.com/p/entry/place/12907577,36.7397324,128.2240517,adopt
문경석탄박물관,경상북도 문경시 가은읍 왕능길 112,https://map.naver.com/p/entry/place/1630157447,36.6539716,128.0622243,adopt
가은오픈세트장,경상북도 문경시 가은읍 왕능길 112,https://map.naver.com/p/entry/place/19493888,36.6552681,128.0591854,adopt
온달오픈세트장,충청북도 단양군 영춘면 온달로 23,https://map.naver.com/p/entry/place/19827952,37.0628919,128.4917118,adopt
대관령 삼양라운드힐,강원특별자치도 평창군 대관령면 꽃밭양지길 708-9,https://map.naver.com/p/entry/place/13175433,37.723936,128.7196692,adopt
기장소방서,부산광역시 기장군 정관읍 용수로 7,https://map.naver.com/p/entry/place/16886394,35.3248634,129.1799686,adopt
정관도서관,부산광역시 기장군 정관읍 정관중앙로 100,https://map.naver.com/p/entry/place/36447713,35.3252843,129.1814536,adopt
실미도,인천광역시 영종구 큰무리로 99 앞 실미도,https://map.naver.com/p/entry/place/11491901,37.4010862,126.391699,adopt
중랑스포츠클라이밍경기장,서울특별시 중랑구 용마산로 250-12,https://map.naver.com/p/entry/place/37214354,37.5733347,127.091217,adopt
대변항,부산광역시 기장군 기장읍 대변로 153 일대,https://map.naver.com/p/entry/place/13491934,35.2239152,129.2289579,adopt
국제시장,부산광역시 중구 신창동4가 1-2 일대,https://map.naver.com/p/entry/place/13491723,35.1011289,129.0280715,adopt
용두산공원,부산광역시 중구 용두산길 37-55,https://map.naver.com/p/entry/place/19663110,35.0985861,129.0334821,adopt
더 플라자 서울,서울특별시 중구 소공로 119,https://map.naver.com/p/entry/place/11635170,37.5647565,126.9779269,adopt
제주신화빌라스,제주특별자치도 서귀포시 안덕면 신화역사로304번길 139,https://map.naver.com/p/entry/place/1751586050,33.2995117,126.3194205,adopt
광안대교,부산 수영구 민락동 113-52,https://map.naver.com/p/entry/place/12126649,35.14548,129.1282041,adopt
이기대도시자연공원,부산 남구 용호동 산 125-2,https://map.naver.com/p/entry/place/13338933,35.1155515,129.1232661,adopt
오륙도,부산 남구 용호동 936,https://map.naver.com/p/entry/place/11491917,35.0925959,129.126549,adopt
천관산,전라남도 장흥군 관산읍 칠관로 842-1150 일대,https://map.naver.com/p/entry/place/11491532,34.5316568,126.9197221,adopt
남양주종합촬영소,경기도 남양주시 조안면 북한강로855번길 138,https://map.naver.com/p/entry/place/11863440,37.6046345,127.3214505,adopt
고양아쿠아스튜디오,경기도 고양시 덕양구 통일로396번길 250,https://map.naver.com/p/entry/place/21142022,37.6742577,126.9003758,adopt
