place_name,place_address,photo_url,status
마곡중앙로(2),서울 강서구 마곡동 721-7,,no_photo
여의대로,서울 영등포구 여의도동 2-11,,no_photo
올림픽대로,서울 영등포구 여의도동 87-5,,no_photo
노들로,서울 동작구 노량진동 320-1,,no_photo
나라약국,서울 용산구 청파로47길 7,,no_photo
제이에스티나빌딩,서울 송파구 양재대로62길 53,,no_photo
써브웨이 인천송도8공구점,인천 연수구 랜드마크로 20,,no_photo
양주한국병원,경기 양주시 화합로 1489,,no_photo
로케이션 이음,경기 파주시 탄현면 새오리로286번길 48-70,,no_photo
얼반웍스 스튜디오,경기 고양시 덕양구 호원길 3-2,,no_photo
마성오픈세트장,경북 문경시 마성면 가은로 311-18,,no_photo
연세로5가길,서울 서대문구 연세로5가길 8-6,,no_photo
연세로7안길,서울 서대문구 연세로7안길 6,,no_photo
연세로4길,서울 서대문구 연세로4길 6,,no_photo
인생네컷 신촌점(폐업),서울 서대문구 명물길 46,,no_photo
더쿠스,인천 미추홀구 경인남길30번길 65,,no_photo
도래울파크뷰,경기 고양시 덕양구 도래울로 16,,no_photo
경인자동차 공업사 앞,서울 구로구 경인로 536,,no_photo
공덕역주차장,서울 마포구 독막로 319,,no_photo
하마천경로당,서울 송파구 성내천로23길 12,,no_photo
은행나무집 영양탕,인천 계양구 장제로 955-10,,no_photo
수봉남로,인천 미추홀구 수봉남로18번길 81-59,,no_photo
헤이리사거리,경기 파주시 탄현면 법흥리 1647,,no_photo
초롱유치원,경기 고양시 일산서구 송포로 292-24,,no_photo
리븐델게스트하우스,경기 가평군 청평면 고재길 262-46,,no_photo
고덕두레 어린이 공원,경기 평택시 고덕동 1894-5,,no_photo
성지펜션,인천 강화군 양도면 강화남로721번길 61,,no_photo
뜨인돌 출판사,경기 파주시 회동길 337-9,,no_photo
성모의원,경기 가평군 가평읍 가화로 75,,no_photo
남부상가아파트,충북 청주시 서원구 구룡산로405번길 54,,no_photo
대호빌라옆다리,서울 용산구 후암동 402-1,,no_photo
대성정밀,서울 구로구 경인로55길 61,,no_photo
동문열쇠건물,서울 종로구 창신길 25,,no_photo
정릉로8길,서울 성북구 정릉로8길 50,,no_photo
대웅빌딩,서울 노원구 한글비석로 273,,no_photo
길주로,인천 부평구 길주로 382,,no_photo
남계로,경기 연천군 군남면 남계리 1161-9,,no_photo
새한오토바이,경기 파주시 광탄면 혜음로 1163,,no_photo
등원로,경기 파주시 광탄면 신산리 582-4,,no_photo
팔송로(2),경기 파주시 탄현면 성동리 692-18,,no_photo
얼반웍스스튜디오,경기 고양시 덕양구 호원길 3-2,,no_photo
덕은로,경기 고양시 덕양구 덕은로 36,,no_photo
포유포레,경기 남양주시 화도읍 북한강로1191번길 30,,no_photo
북한강로,경기 남양주시 화도읍 금남리 674-4,,no_photo
북한강로,경기 양평군 서종면 문호리 산 151-326,,no_photo
수대울길,경기 양평군 서종면 수대울길 20,,no_photo
북한강로,경기 양평군 서종면 북한강로 577,,no_photo
원미로149번길,경기 부천시 원미구 원미로149번길 23,,no_photo
원미지구대,경기 부천시 원미구 원미로149번길 4,,no_photo
원미로155번길,경기 부천시 원미구 원미로155번길 28,,no_photo
민들레어린이집,경기 안양시 동안구 관악대로339번길 52-19,,no_photo
명동타운 정류장(32092),경기 이천시 중리천로 58,,no_photo
설악금강대교로,강원 속초시 청호로 121-15,,no_photo
내장산문화광장,전북 정읍시 내장산로 390,,no_photo
항만9로(2),전남광주 광양시 중동 1816-6,,no_photo
커피베이,서울 마포구 매봉산로2길 15,,no_photo
세븐일레븐,서울 마포구 월드컵북로60길 13,,no_photo
별장아파트,서울 중구 퇴계로12길 88,,no_photo
한솔빌리지,서울 마포구 연남로3길 62,,no_photo
배터지는날,서울 용산구 원효로48길 11,,no_photo
자유로통일리그 성동구장,경기 파주시 탄현면 성동리 709,,no_photo
너에게 반하다,경기 파주시 가재울로93번길 14,,no_photo
호남농약사,전남광주통합특별시 보성군 득량면 예당중앙길 4-1,,no_photo
신흥떡방앗간,전남광주통합특별시 보성군 득량면 예당중앙길 14-7,,no_photo
한성목욕탕,경북 예천군 예천읍 맛고을길 47,,no_photo
까막고무신,경북 안동시 대안로 135-1,,no_photo
중앙농약종묘사,경북 안동시 풍산읍 장터3길 3,,no_photo
구남연식품,경북 상주시 중앙시장길 40,,no_photo
신세계양품/은장상회,경북 상주시 중앙시장길 50,,no_photo
울진항수산,경북 울진군 울진읍 현내항길 252-8,,no_photo
구미여자상업고,경북 구미시 형곡로38길 9-14,,no_photo
대전슈퍼,인천 제물포구 안송로 70,,no_photo
명인빌딩,인천 미추홀구 소성로185번길 28,,no_photo
너없는이곳너없는하루,인천 미추홀구 학익소로 62,,no_photo
연안아파트상가,인천 제물포구 축항대로 234,,no_photo
남영빌딩,서울 은평구 통일로 697,,no_photo
낙토,인천 강화군 선원면 연동로99번길 43,,no_photo
참사랑어린이집,경기 고양시 덕양구 원당로125번길 40-12,,no_photo
월드컵북로60길,서울 마포구 월드컵북로60길 24,,no_photo
미래하이빌,서울 마포구 토정로11길 19,,no_photo
일흥정공 앞,서울 영등포구 경인로77길 38,,no_photo
모아시스템 앞,서울 용산구 새창로49길 7,,no_photo
새창로49길 지하도,서울 용산구 새창로 156,,no_photo
서울시립대학교 자작마루,서울 동대문구 서울시립대로 163,,no_photo
서울시립대학교 대강당앞,서울 동대문구 서울시립대로 163,,no_photo
복싱인사이드짐 역삼직영점,서울 강남구 역삼로 159 지하2층,,no_photo
롯데백화점 인천점 문화센터,인천 미추홀구 연남로 35 5층,,no_photo
GS25 출판행복도시점,경기 파주시 문발로 415,,no_photo
이채사거리,경기 파주시 문발로 220,,no_photo
가평북중학교,경기 가평군 북면 석장모루길 13,,no_photo
계성학교 핸더슨관,대구 중구 달성로 35,,no_photo
서울면남초등학교,서울 중랑구 면목로30나길 38,,no_photo
식현1리,경기 파주시 적성면 국사로54번길 59,,no_photo
식현1리 마을회관,경기 파주시 적성면 국사로54번길 72,,no_photo
예담원 장례식장,경기 파주시 문산읍 화석정로 31,,no_photo
동우여자고등학교,경기 수원시 장안구 장안로 426-1,,no_photo
내응새마을회관,충북 괴산군 연풍면 유상3길 6,,no_photo
인포 정육점식당,충북 옥천군 안내면 현리길 86-1,,no_photo
이화동길33번길쪽,충남 아산시 둔포면 신왕리 279,,no_photo
이화동길33번길쪽(2),충남 아산시 둔포면 신왕리 130-2,,no_photo
이화동길33번길쪽(3),충남 아산시 둔포면 신왕리 산 3-1,,no_photo
용연리(1),경북 문경시 문경읍 용연길 80,,no_photo
용연리삼거리,경북 문경시 문경읍 용연리 252-2,,no_photo
용연리(2),경북 문경시 문경읍 용연길 91,,no_photo
용연리(2-2),경북 문경시 문경읍 용연길 101,,no_photo
용연리(3),경북 문경시 문경읍 용연안길 16-2,,no_photo
용연리(4),경북 문경시 문경읍 용연리 280,,no_photo
용연리(5),경북 문경시 문경읍 용연안길 22,,no_photo
용연리(6),경북 문경시 문경읍 용연길 107,,no_photo
용연리(7),경북 문경시 문경읍 용연길 111,,no_photo
용연리(8),경북 문경시 문경읍 용연길 145,,no_photo
위만리(1),경북 문경시 산양면 위만리 86,,no_photo
위만리(2),경북 문경시 산양면 위만리 440,,no_photo
위만리(4),경북 문경시 산양면 위만길 1,,no_photo
위만리(5),경북 문경시 산양면 위만리 산 30,,no_photo
문희로,경북 문경시 문경읍 문희로 24,,no_photo
장군복싱클럽,경북 문경시 중앙10길 9,,no_photo
Mayfarthstraße,"Eytelweinstraße 1, 60314 Frankfurt am Main, 독일",,no_photo
Dircksenstraße 136-132,"Dircksenstraße 136, 10178 Berlin, 독일",,no_photo
신정중앙로19길,서울 양천구 신정중앙로19길 8,,no_photo
여의대로,서울 영등포구 여의도동 23-4,,no_photo
신설동1억해장국267,서울 동대문구 난계로26길 7,,no_photo
GS25장위화랑점,서울 성북구 돌곶이로27길 59-7,,no_photo
마방로10길,서울 서초구 마방로10길 34-5,,no_photo
언남11길,서울 서초구 언남11길 34-13,,no_photo
남부순환로358길,서울 서초구 남부순환로 2640-11,,no_photo
이화빌딩,서울 서초구 강남대로34길 69,,no_photo
강남대로34길,서울 서초구 강남대로34길 53,,no_photo
서초중앙로31길,서울 서초구 서초중앙로31길 18,,no_photo
신반포로,서울 서초구 신반포로 213,,no_photo
서진빌딩2,서울 종로구 돈화문로 55,,no_photo
맥스복싱짐,경기 용인시 처인구 중부대로1299번길 10,,no_photo
음촌경로당,경기 안성시 삼죽면 음촌길 63,,no_photo
시곡리(1),충북 제천시 송학면 시곡리 1117-7,,no_photo
소연미용실,충북 제천시 내제로 276,,no_photo
명륜로13길,충북 제천시 명륜로13길,,no_photo
풍양로13길,충북 제천시 풍양로13길 6-1,,no_photo
풍양로 횡단보도,충북 제천시 풍양로 100-1,,no_photo
물태리주차장,충북 제천시 청풍면 물태리 299,,no_photo
월악산중기,충북 제천시 덕산면 약초로 69,,no_photo
부라다오피스텔,대전 동구 대전천동로 528,,no_photo
한내여자중학교,충남 보령시 옥마로 200,,no_photo
Jumeira St,873 Jumeira St - Umm Suqeim - Umm Suqeim 3 - Dubai - 아랍에미리트,,no_photo
포유인포텍,서울 종로구 윤보선길 31,,no_photo
신세계이발,서울 마포구 마포대로24길 23,,no_photo
파고다기원,서울 종로구 돈화문로11길 41,,no_photo
정주빌딩,서울 종로구 종로39길 53,,no_photo
서해아파트,인천 검단구 검단로487번길 44,,no_photo
현대슈퍼,인천 부평구 화랑로59번길 4,,no_photo
한마음약국,경기 파주시 경의로 1821,,no_photo
도란도란,경기 파주시 청암로17번길 33,,no_photo
송림메디컬프라자,경기 파주시 와석순환로515번길 61,,no_photo
큰길장례문화원,경기 양주시 광적면 부흥로 955-13,,no_photo
사우프라자,경기 김포시 사우중로 82,,no_photo
도촌마을회관,경기 고양시 일산서구 곳산길 8,,no_photo
조은의류매장,경기 고양시 일산서구 원일로73번길 6,,no_photo
오정부동산,경기 고양시 일산동구 성석로 183,,no_photo
능곡로39번길,경기 고양시 덕양구 능곡로39번길,,no_photo
아름세탁소,경기 고양시 덕양구 능곡로39번길 13,,no_photo
연리지로,경기 고양시 일산동구 장항동 1808-2,,no_photo
남양중앙로,경기 화성시 만세구 남양읍 남양리 2393,,no_photo
경기하남경찰서,경기 하남시 검단로 27,,no_photo
화성인더스트리,경기 오산시 세남로 72,,no_photo
홍천블루마운틴cc,강원 홍천군 두촌면 광석로 898-160,,no_photo
원일씽크공장,충북 청주시 상당구 남사로 102,,no_photo
중원타워,충북 청주시 상당구 호미로 3,,no_photo
토속정,충남 논산시 중앙로492번길 28-1,,no_photo
장흥교도소,전남광주통합특별시 장흥군 장흥읍 원도리 191,,no_photo
아그레아블,서울 강남구 역삼로 110,,no_photo
순보석,인천 제물포구 신포로 27,,no_photo
송림휴먼시아,인천 제물포구 인중로716번길 8-10,,no_photo
파랑새 피아노학원,인천 제물포구 인중로716번길 6,,no_photo
퍼스트루머,서울 종로구 계동길 125,,no_photo
갤러리원,서울 종로구 팔판길 1-12,,no_photo
투비앤 아나운서아카데미,서울 서대문구 이화여대2길 6,,no_photo
월드컵북로,서울 마포구 월드컵북로 22,,no_photo
성미산로,서울 마포구 성미산로 161-6,,no_photo
독막로,서울 마포구 독막로 75,,no_photo
두텁바위로40길,서울 용산구 두텁바위로40길 3,,no_photo
북촌로4길,서울 종로구 북촌로4길 28,,no_photo
일산로441번길,경기 고양시 일산동구 일산로441번길 22,,no_photo
모세로,경기 광명시 철산동 508,,no_photo
명륜4길,전북 전주시 덕진구 명륜4길 11,,no_photo
아로미마실,전북 전주시 덕진구 백제대로 567,,no_photo
바닷가 이솝아저씨네집,경남 거제시 남부면 남부해안로 48,,no_photo
연희홍연아파트 정류장(13207),서울 서대문구 연희동 729-1,,no_photo
홍제천로,서울 서대문구 연희동 729-1,,no_photo
블룸팔레트,서울 마포구 월드컵북로60길 13,,no_photo
장터순대국,서울 구로구 구로동로20길 17,,no_photo
타올종합상사,서울 구로구 구로동로20길 5,,no_photo
올림픽대로,서울 동작구 본동 479,,no_photo
재능교육 JCC크리에이티브센터,서울 종로구 창경궁로35길 45,,no_photo
무궁화로,경기 고양시 일산동구 무궁화로 42-28,,no_photo
덕수콜택시,서울 중랑구 겸재로27길 57,,no_photo
아울렛마트 귤현점,인천 계양구 굴재방터길 42,,no_photo
신세계약국 앞,인천 제물포구 참외전로 134-1,,no_photo
길고시텔,인천 제물포구 우현로90번길 19-13,,no_photo
송림성결교회,인천 제물포구 금송로 79,,no_photo
탐앤탐스 인천주안점,인천 미추홀구 석바위로 90,,no_photo
장미아파트,인천 미추홀구 소성로 72,,no_photo
간석3치안센터,인천 남동구 백범로 340,,no_photo
루이스클럽,인천 남동구 석촌로 41,,no_photo
도운모텔,경기 군포시 금산로6번길 32,,no_photo
준코 평택역점,경기 평택시 평택2로 6,,no_photo
오타쿠 헤어,강원 춘천시 퇴계로 213,,no_photo
대봉치안센터,대구 중구 명륜로 152,,no_photo
해운대중학교,부산 해운대구 우동2로30번길 99,,no_photo
월드컵북로58길,서울 마포구 월드컵북로58길 15,,no_photo
낙원주택,서울 마포구 와우산로35길 53,,no_photo
전문건설회관,서울 동작구 보라매로5길 15,,no_photo
한성전업사,서울 중구 청계천로 170,,no_photo
창경궁로34길,서울 종로구 창경궁로 266,,no_photo
강남교회,인천 강화군 화도면 해안남로1170번길 20,,no_photo
월드컵북로58길,서울 마포구 상암동 1701,,no_photo
대신아파트,서울 영등포구 도신로60길 7,,no_photo
신도시북로,인천 영종구 운서동 2743-2,,no_photo
GS25 후곡마을3단지점,경기 고양시 일산서구 후곡로 60,,no_photo
엑스코로,대구 북구 산격동 1673,,no_photo
마곡중앙로,서울 강서구 마곡동 767-2,,no_photo
경인로74길,서울 영등포구 문래동1가 86-1,,no_photo
종로12길,서울 종로구 청계천로 71,,no_photo
약령중앙로4길,서울 동대문구 약령동길 38,,no_photo
하얀김,인천 계양구 계산로111번길 7,,no_photo
히든가든,인천 연수구 넘말로79번길 58,,no_photo
새말길329번길,경기 광주시 새말길329번길 19,,no_photo
대산동한주종택,경북 성주군 월항면 한개2길 43,,no_photo
성아해물생선,서울 동대문구 왕산로33길 28,,no_photo
코끼리문방구,서울 은평구 연서로41길 11,,no_photo
계림빌딩앞,서울 서대문구 연세로5가길 1,,no_photo
명물길,서울 서대문구 창천동 31-94,,no_photo
한강대로7길,서울 용산구 한강대로7길 30-39,,no_photo
새창로49길,서울 용산구 새창로49길 3,,no_photo
뚝섬로,서울 용산구 한남동 773-17,,no_photo
모노맨션 동국대점,서울 중구 서애로 13,,no_photo
독서당로62가길,서울 성동구 독서당로62가길 66,,no_photo
원창로,인천 서해구 원창로 92,,no_photo
자연대로,인천 영종구 자연대로 47,,no_photo
어촌로,인천 제물포구 만석동 36-11,,no_photo
천안G1비즈캠퍼스,충남 천안시 서북구 2공단4로 40-11,,no_photo
천안교도소,충남 천안시 서북구 성거읍 상고1길 127,,no_photo
서혜원,충남 태안군 이원면 발전로 939,,no_photo
월명로,전북 군산시 수송동 52-21,,no_photo
한운길,전남광주통합특별시 신안군 자은면 한운리 307-11,,no_photo
반도보라할인마트,부산 영도구 해안산책길 20,,no_photo
하카타항국제터미널 주차장,"14 Okihamamachi, Hakata Ward, Fukuoka, 812-0031 일본",,no_photo
多門ビル,"3-chōme-4 Nakasu, Hakata Ward, Fukuoka, 810-0801 일본",,no_photo
ラインビル,"2-chōme-5 Nakasu, Hakata Ward, Fukuoka",,no_photo
はかた近代ビル,"1-chōme-1 Hakataekihigashi, Hakata Ward, Fukuoka",,no_photo
신흥아파트3차,서울 마포구 성미산로29길 45,,no_photo
새마을금고,서울 은평구 진흥로 77,,no_photo
동교로41길,서울 마포구 동교로41길 31,,no_photo
통일로,경기 고양시 덕양구 통일로 937-81,,no_photo
죽백초등학교,경기 평택시 죽백1길 41,,no_photo
대청로(1),충남 보령시 작은오랏1길 3,,no_photo
동대사거리,충남 보령시 동대동 1958,,no_photo
동대지구대,충남 보령시 신설1길 53,,no_photo
주공사거리,충남 보령시 명천동 1021,,no_photo
흥부체육관,경북 울진군 북면 부구리 886-2,,no_photo
당교로,경북 문경시 당교로 188-1,,no_photo
우암로61번길,부산 남구 우암로61번길 16,,no_photo
양지골로169번길,부산 남구 양지골로169번길 56,,no_photo
홍곡로,부산 남구 감만동 173-29,,no_photo
이원아파트 사거리,부산 남구 양지골로 192,,no_photo
홍곡로(2),부산 남구 홍곡로 142,,no_photo
우암로26번길,부산 남구 우암로26번길 14,,no_photo
양지골로55번길,부산 남구 양지골로55번길 56,,no_photo
우암로26번길(2),부산 남구 우암로26번길 46,,no_photo
덕산중학교.두산위브아파트 정류장(12499),서울 은평구 신사동 292-5,,no_photo
퇴계로20길,서울 중구 남산동2가 24-2,,no_photo
을지로(1),서울 중구 을지로2가 9-7,,no_photo
명동11길,서울 중구 을지로2가 185-1,,no_photo
세로수길,서울 강남구 강남대로158길 45,,no_photo
가루실딸기,충남 예산군 덕산면 가루실안길 20-33,,no_photo
창동1길,충남 보령시 남포면 창동1길 80-22,,no_photo
창동3길,충남 보령시 남포면 창동리 640-6,,no_photo
백산고등학교,전북 부안군 백산면 백산로 379,,no_photo
수북초등학교,전남광주통합특별시 담양군 수북면 추성1로 714,,no_photo
가은고등학교,경북 문경시 가은읍 가은로 205,,no_photo
우리마트,서울 강서구 개화2길 3-11,,no_photo
팬엔터테인먼트 사옥,서울 마포구 월드컵북로58길 10,,no_photo
한강대로7길,서울 용산구 한강대로7길 30-12,,no_photo
새창로49길 지하도,서울 용산구 새창로 157-1,,no_photo
성지초등학교,인천 계양구 아나지로247번길 8,,no_photo
하남경찰서,경기 하남시 검단로 27,,no_photo
서정리 장례식장,경기 평택시 정암로 78-14,,no_photo
약령길,충남 공주시 약령길,,no_photo
비손빌딩,서울 강남구 언주로 733,,no_photo
거화빌딩,서울 서대문구 신촌로 73,,no_photo
금세기빌딩,서울 중구 무교로 6,,no_photo
평창40길,서울 종로구 평창동 411-5,,no_photo
평창7길,서울 종로구 평창7길 89,,no_photo
윤빌딩,서울 서초구 서초대로74길 3,,no_photo
양지골로,부산 남구 양지골로 200,,no_photo
동남빌딩,서울 노원구 노해로77길 14-7,,no_photo
동방그린빌라,서울 성북구 장월로11길 53-10,,no_photo
더사보르,서울 성북구 화랑로19길 20-1,,no_photo
참농,서울 마포구 망원로11길 29,,no_photo
이태리타올,서울 마포구 와우산로3길 47,,no_photo
CU 마포망원점,서울 마포구 월드컵로31길 11,,no_photo
히든바이크,서울 영등포구 도림로141다길 20,,no_photo
충무로5길,서울 중구 을지로3가 320-2,,no_photo
천호대로91길,서울 동대문구 장한로2길 63,,no_photo
청라한내로,인천 서해구 청라동 76-7,,no_photo
청라한내로162번길,인천 서해구 청라한내로162번길 7,,no_photo
장미아파트,경기 남양주시 진접읍 장현로147번길 13,,no_photo
자혜로(1),경기 성남시 중원구 자혜로 3,,no_photo
자혜로(2),경기 성남시 중원구 금빛로 101,,no_photo
산성대로372번길,경기 성남시 중원구 광명로 299,,no_photo
광명로,경기 성남시 중원구 광명로 365,,no_photo
산성대로,경기 성남시 수정구 산성대로 539,,no_photo
공원로,경기 성남시 수정구 공원로 391,,no_photo
시럽,경기 이천시 대월면 대산로288번길 75,,no_photo
탄현로(1),경기 평택시 탄현로 315-1,,no_photo
탄현로(2),경기 평택시 탄현로 262,,no_photo
우성세라믹스공업,경기 평택시 포승읍 서둔물길 30-34,,no_photo
서대전지구대,대전 중구 중앙로 14,,no_photo
옛장흥교도소,전남광주통합특별시 장흥군 장흥읍 원도리 191,,no_photo
성산로22길,서울 서대문구 성산로22길 22,,no_photo
인천강화경찰서,인천 강화군 강화읍 동문안길 17,,no_photo
부흥로,경기 양주시 만송동 712,,no_photo
가르텐비어 광명철산점,경기 광명시 오리로856번길 14,,no_photo
수원천로392번길,경기 수원시 장안구 연무동 189-11,,no_photo
경수대로743번길,경기 수원시 장안구 경수대로743번길 64,,no_photo
아야진소길,강원 고성군 토성면 아야진소길 29,,no_photo
마도길(2),충남 태안군 근흥면 신진도리 233-20,,no_photo
마도길,충남 태안군 근흥면 마도길 154-1,,no_photo
금강공원길,충남 공주시 금강공원길 5,,no_photo
동일슈퍼,인천 제물포구 월미로 26-1,,no_photo
새창로49길,서울 용산구 새창로 157-1,,no_photo
삼부조명,서울 용산구 청파로 101,,no_photo
화신유통,서울 용산구 청파로 91,,no_photo
송림로61번길,인천 제물포구 송림로61번길 32,,no_photo
약산길,경기 고양시 일산동구 약산길 10-5,,no_photo
거북섬로,경기 시흥시 거북섬로 163,,no_photo
여의나루로2길,서울 영등포구 여의도동 3-7,,no_photo
새마을로3599번길,경북 포항시 북구 죽장면 새마을로 3619-7,,no_photo
신일철물상회,경북 포항시 북구 죽장면 새마을로 3619-5,,no_photo
해안로2626번길,경북 포항시 북구 송라면 해안로2626번길 47,,no_photo
청하로192번길,경북 포항시 북구 청하면 청하로192번길 5-8,,no_photo
청하로175번길(1),경북 포항시 북구 청하면 청하로151번길 20-22,,no_photo
청하로175번길(2),경북 포항시 북구 청하면 미남리 428-3,,no_photo
곡강초등학교,경북 포항시 북구 흥해읍 칠포로 7,,no_photo
해안로,경북 포항시 북구 흥해읍 해안로 1773,,no_photo
기계파출소,경북 포항시 북구 기계면 기계로 92-11,,no_photo
새마을발상지길113번길,경북 포항시 북구 기계면 문성리 702-4,,no_photo
해안로(4),경북 포항시 북구 환호동 480-3,,no_photo
죽도시장(2),경북 포항시 북구 죽도시장길 13,,no_photo
서동로,경북 포항시 북구 신흥동 678-28,,no_photo
대신로30번길,경북 포항시 북구 대신로30번길 10-2,,no_photo
희망대로,경북 포항시 남구 희망대로 1171-1,,no_photo
대해웰빙마트,경북 포항시 남구 문예로 139,,no_photo
유강유치원,경북 포항시 남구 연일읍 유강길9번길 60,,no_photo
호미로,경북 포항시 남구 호미곶면 대동배리 산 26-8,,no_photo
해맞이로46번길,경북 포항시 남구 호미곶면 대보리 53-7,,no_photo
호미로,경북 포항시 남구 구룡포읍 구룡포리 954-32,,no_photo
동해안로3261번길,경북 포항시 남구 장기면 동해안로 3261,,no_photo
양포항길,경북 포항시 남구 장기면 양포항길 54,,no_photo
희망디젤,서울 영등포구 영등포동2가 94-135,,no_photo
노원경찰서,서울 노원구 노원로 283,,no_photo
명다방,서울 서대문구 통일로 107-15,,no_photo
리븐델하우스,경기 가평군 청평면 고재길 262-46,,no_photo
경기동로186번길,경기 오산시 부산동 790,,no_photo
마곡중앙14로,서울 강서구 마곡중앙14로 22,,no_photo
증산로13가길(1),서울 은평구 증산동 131-167,,no_photo
증산로13가길(2),서울 은평구 증산로13가길 13,,no_photo
증산로13가길(3),서울 은평구 증산로13가길 16-1,,no_photo
희우정로,서울 마포구 희우정로15길 1,,no_photo
광신빌딩,서울 서대문구 신촌로 93,,no_photo
서강로,서울 마포구 노고산동 112-12,,no_photo
경인로94길,서울 영등포구 경인로94길 9-7,,no_photo
매봉18길,서울 성동구 금호동2가 산 9-14,,no_photo
너와집노래방,인천 제물포구 차이나타운로52번길 11,,no_photo
월드고양로,경기 고양시 일산동구 월드고양로 138-1,,no_photo
신도공영주차장,경기 고양시 덕양구 지축동 766-11,,no_photo
우봉집 위례,경기 성남시 수정구 위례서일로1길 8-6,,no_photo
사랑마트,경기 성남시 수정구 태평로108번길 8-1,,no_photo
미래산업 잭,서울 구로구 신도림로15길 21-9,,no_photo
삼진기업주변,서울 구로구 신도림로15길 20,,no_photo
영등포경찰서,서울 영등포구 국회대로 608,,no_photo
영등포경찰서앞,서울 영등포구 국회대로 608,,no_photo
영등포로,서울 영등포구 영등포로 379-1,,no_photo
영등포로67가길,서울 영등포구 영등포로79길 9,,no_photo
영등포로79가길,서울 영등포구 영등포로79가길 12,,no_photo
노량진로26길,서울 동작구 노량진로26길 57,,no_photo
효창원로69길,서울 용산구 효창원로69길 15,,no_photo
중대로 횡단보도,서울 송파구 중대로 192,,no_photo
거마로7길,서울 송파구 거마로7길 44,,no_photo
오랑1길 육교,대전 서구 대신2길 49,,no_photo
육교앞,대전 서구 대신2길 49,,no_photo
남대문시장2길,서울 중구 남창동 51-8,,no_photo
종로24길,서울 종로구 종로 150,,no_photo
자하문로2길,서울 종로구 통의동 37-4,,no_photo
성덕정17길,서울 성동구 성덕정17길 8-1,,no_photo
책마을 광주점,경기 광주시 중앙로145번길 25,,no_photo
서정리장례식장,경기 평택시 정암로 78-14,,no_photo
세종대로12길,서울 중구 태평로2가 71,,no_photo
동교로29길,서울 마포구 동교로39길 11,,no_photo
성산로22길,서울 서대문구 창천동 89-19,,no_photo
혜화경찰서,서울 종로구 창경궁로 112-16,,no_photo
삼청로2길,서울 종로구 삼청로2길 37-1,,no_photo
북촌로12길,서울 종로구 북촌로12길 24-1,,no_photo
볼링장 정류장,서울 종로구 창덕궁1길 13,,no_photo
풍년식품 앞,서울 종로구 창덕궁길 127,,no_photo
창덕궁로5길,서울 종로구 창덕궁5길 9,,no_photo
삼선교로4길,서울 성북구 삼선교로4길 63,,no_photo
삼양로141길(1),서울 강북구 삼양로141길 14,,no_photo
개포로116길,서울 강남구 개포로116길 19,,no_photo
인하대학교 하이데거의숲,인천 미추홀구 소성로 71,,no_photo
만화속으로,경기 의정부시 평화로542번길 7,,no_photo
일산로636번길,경기 고양시 일산서구 일산로636번길 37-7,,no_photo
수정부동산,경기 고양시 일산동구 일산로372번길 63,,no_photo
해변슈퍼,강원 고성군 죽왕면 심층수길 40-3,,no_photo
동부로73번길,대전 동구 동부로73번길 108,,no_photo
실비식당,충남 천안시 서북구 쌍용14길 53,,no_photo
위드뷰티살롱,서울 강남구 도산대로70길 16,,no_photo
춘지본가,서울 마포구 와우산로25길 28,,no_photo
효성빌라,서울 종로구 자하문로35길 22,,no_photo
지리산흑돼지,서울 중구 명동10길 19-27,,no_photo
작은마을,서울 성북구 정릉로6길 35,,no_photo
솔티핫티,서울 용산구 이태원로55길 45,,no_photo
남양주종합촬영소,경기 남양주시 조안면 북한강로855번길 138,,no_photo
사이버고시원,인천 미추홀구 석정로150번길 43,,no_photo
민지미용실,서울 노원구 한글비석로36길 86,,no_photo
기업은행ATM,서울 도봉구 마들로 727-1,,no_photo
도봉중앙교회,서울 도봉구 우이천로48길 9,,no_photo
여의상류IC,서울 영등포구 여의도동 70,,no_photo
신도림로11다길,서울 구로구 신도림동 291-176,,no_photo
경일워터젯,서울 구로구 구로중앙로42길 60,,no_photo
보성금형사,서울 구로구 신도림로5길 51,,no_photo
월드컵북로60길,서울 마포구 월드컵북로58길 15,,no_photo
성암로,서울 마포구 상암동 1695-1,,no_photo
연세안경앞,서울 마포구 신촌로16길 4,,no_photo
종로슈퍼,서울 종로구 돈화문로10길 14,,no_photo
여의도순복음분당교회,경기 성남시 분당구 불정로 64,,no_photo
마곡중앙6로,서울 강서구 강서로 391,,no_photo
마곡동로,서울 강서구 공항대로 236,,no_photo
연희로11가길,서울 서대문구 연희로11가길 35,,no_photo
지오베르크,서울 용산구 백범로 346,,no_photo
백범로90다길,서울 용산구 문배동 31-2,,no_photo
서소문로11길,서울 중구 정동 34-29,,no_photo
서애로,서울 중구 필동3가 29-6,,no_photo
필동로,서울 중구 필동로 25,,no_photo
세종대로23길,서울 종로구 세종로 81-13,,no_photo
CU 일산대화공원점,경기 고양시 일산서구 강성로214번길 7-15,,no_photo
고봉로,경기 고양시 일산동구 고봉로 26-14,,no_photo
톤앤무드스튜디오 파주점,경기 파주시 장터고개길 87,,no_photo
한림고등학교,제주 제주시 한림읍 월계로 74,,no_photo
신한당약국,제주 제주시 조천읍 신북로 530,,no_photo
일주동로,제주 제주시 구좌읍 일주동로 3121,,no_photo
종달논길,제주 제주시 구좌읍 종달논길 48,,no_photo
삼달하동로31번길,제주 서귀포시 성산읍 삼달하동로31번길 23,,no_photo
삼달하동로32번길,제주 서귀포시 성산읍 삼달하동로32번길 16,,no_photo
일주서로,제주 서귀포시 일주서로 157,,no_photo
일과2리경로당,제주 서귀포시 대정읍 서림로 18,,no_photo
청라대로,인천 서해구 청라동 106-4,,no_photo
솔빛로,인천 서해구 솔빛로 82,,no_photo
청라힐스테이트 정류장(42987),인천 서해구 청라한내로 7,,no_photo
솔빛로 횡단보도,인천 서해구 청라동 103-20,,no_photo
AIT센터,인천 연수구 송도과학로 80,,no_photo
감내1로,부산 사하구 감내1로 249,,no_photo
세검초등학교 정류장,서울 종로구 진흥로 497,,no_photo
비담,서울 종로구 북촌로8길 5,,no_photo
용구대로,경기 용인시 기흥구 죽현로 8-22,,no_photo
인천골목,인천 제물포구 송현공원로 92,,no_photo
시장거리길,경기 파주시 파주읍 시장거리길 54,,no_photo
백양빌딩,경기 고양시 덕양구 화신로260번길 31,,no_photo
최명희길,전북 전주시 완산구 최명희길 17-5,,no_photo
센텀서로,부산 해운대구 센텀중앙로 55,,no_photo
천사의날개,서울 용산구 이태원동 116-18,,no_photo
광명신우연립,경기 광명시 가림로215번길 19,,no_photo
충현슈퍼,서울 중구 동호로17길 105,,no_photo
월드컵북로,서울 마포구 상암동 1715,,no_photo
월드컵북로44길(4),서울 마포구 월드컵북로44길 76-10,,no_photo
GS25 대륭포스트점,서울 구로구 디지털로 306,,no_photo
새창로42길,서울 용산구 새창로42길 8,,no_photo
영흥북로35번길(1),인천 옹진군 영흥면 영흥북로35번길 39,,no_photo
영흥북로35번길(2),인천 옹진군 영흥면 내리 5-51,,no_photo
영흥북로,인천 옹진군 영흥면 영흥북로 47,,no_photo
미래로,경기 고양시 일산서구 대화동 121-23,,no_photo
송포로,경기 고양시 일산서구 대화동 1966-15,,no_photo
행당로,경기 고양시 덕양구 행당로 24-12,,no_photo
강매로,경기 고양시 덕양구 강매동 650-1,,no_photo
아라육로152번길,경기 김포시 고촌읍 아라육로152번길 100,,no_photo
세움프라자,경기 남양주시 다산중앙로19번길 9,,no_photo
다산순환로,경기 남양주시 다산동 6273-2,,no_photo
다산중앙로(2),경기 남양주시 다산중앙로 132,,no_photo
평화로,강원 춘천시 근화동 590-9,,no_photo
중앙로77번길,강원 춘천시 중앙로77번길 41,,no_photo
(구)광주교도소,전남광주통합특별시 북구 문흥동 88-1,,no_photo
장흥교도소,전남광주통합특별시 장흥군 용산면 장흥대로 2667,,no_photo
나래하우스,부산 기장군 일광읍 이동길 15,,no_photo
일광로,부산 기장군 일광읍 일광로 236,,no_photo
봉래나루로,부산 영도구 봉래나루로 182,,no_photo
성산로22길 지하도,서울 서대문구 창천동 84-88,,no_photo
산울림피아노,경기 의정부시 호국로1291번길 10,,no_photo
유승앙브와즈101동 정류장,경기 파주시 탄현면 법흥리 1761-2,,no_photo
디앤베이지,경기 파주시 책향기로 243,,no_photo
활자마을 정류장,경기 파주시 신촌동 736-2,,no_photo
옥천파출소,경기 양평군 옥천면 옥천길 27,,no_photo
경화,인천 제물포구 제물량로232번안길 23,,no_photo
카페 나인티플러스,인천 제물포구 신포로23번길 80-1,,no_photo
제물량로335번길,인천 제물포구 제물량로335번길 57,,no_photo
만석부두로6번길,인천 제물포구 만석부두로6번길 14-1,,no_photo
강화경찰서,인천 강화군 동문안길 17,,no_photo
해명초등학교,인천 강화군 삼산면 삼산남로 345,,no_photo
동해안로,경북 경주시 감포읍 동해안로 2546,,no_photo
행암동종점 정류장,경남 창원시 진해구 행암동 153-4,,no_photo
마곡중앙2로,서울 강서구 마곡동 801-14,,no_photo
유진빌딩,서울 영등포구 국제금융로 24,,no_photo
삼흥빌딩,서울 서초구 사평대로 373,,no_photo
미사테스타타워,경기 하남시 미사강변서로 25,,no_photo
정통춘천닭갈비 안산점,경기 안산시 상록구 송호3길 4,,no_photo
강남구수어통역센터,서울 강남구 학동로 343,,no_photo
중앙로,경기 양평군 양평읍 중앙로 112,,no_photo
동안로159번길,경기 안양시 동안구 동안로159번길 26,,no_photo
방아머리로,경기 안산시 단원구 사근여길 23,,no_photo
네모,경기 성남시 수정구 창업로 17,,no_photo
한솔빌라,서울 마포구 성미산로29안길 6,,no_photo
망원2치안센터,서울 마포구 월드컵로31길 18,,no_photo
연세로4길,서울 서대문구 연세로4길 39,,no_photo
마포대로,서울 마포구 마포대로 180,,no_photo
CU공덕미네뜨점,서울 마포구 만리재로 111,,no_photo
평창30길,서울 종로구 평창30길 66,,no_photo
삼성철물,서울 동대문구 한천로 439,,no_photo
정릉골,서울 성북구 솔샘로15가길 50-4,,no_photo
모퉁이우 하이테이블,서울 강남구 도산대로 150,,no_photo
인천석정초등학교,인천 남동구 석정로539번길 32,,no_photo
영락경로원,경기 하남시 안터로 55-1,,no_photo
미사강변대로,경기 하남시 선동 442,,no_photo
덕풍중학교,경기 하남시 덕풍북로71번길 10,,no_photo
공도초등학교,경기 안성시 공도읍 공도1로 9,,no_photo
갈남길,강원 삼척시 원덕읍 갈남길 90,,no_photo
솔랑시울길,대전 동구 솔랑시울길 38,,no_photo
동대전로104번길,대전 동구 동대전로104번길 33-18,,no_photo
도산대로30길,서울 강남구 도산대로 210,,no_photo
동서빌딩,서울 강남구 도곡로 448,,no_photo
햇내로안길,인천 영종구 햇내로안길 24,,no_photo
인중로,인천 제물포구 항동1가 5-40,,no_photo
태양악기사,인천 미추홀구 경인로 120,,no_photo
수봉안로85번길,인천 미추홀구 숭의동 8-39,,no_photo
CU 전곡팔미점,경기 연천군 전곡읍 전곡로196번길 20,,no_photo
은전로 지하도,경기 연천군 전곡읍 은대리 574-3,,no_photo
순이네한식부페,경기 김포시 대곶면 율마로 144,,no_photo
장안로385번길 횡단보도,경기 수원시 장안구 이목동 307-2,,no_photo
월드컵대로308번길,대전 유성구 월드컵대로308번길 20,,no_photo
새롬고등학교,세종 새롬서로 68,,no_photo
나성로,세종 나성로 38,,no_photo
옛 장흥교도소,전남광주통합특별시 장흥군 장흥읍 원도리 191,,no_photo
북가좌파출소,서울 서대문구 응암로1길 13,,no_photo
연희상가아파트,서울 서대문구 증가로 61,,no_photo
월드컵북로58길,서울 마포구 상암동 1594,,no_photo
상암산로,서울 마포구 상암산로 76,,no_photo
와우산로27길,서울 마포구 와우산로27길 68,,no_photo
코너136,서울 마포구 양화로 136,,no_photo
월드컵로5길,서울 마포구 월드컵로5길 8,,no_photo
한강대로62길,서울 용산구 한강대로62길 50,,no_photo
새창로,서울 용산구 새창로 157-1,,no_photo
새창로50길,서울 용산구 새창로46길 11,,no_photo
연안아파트 상가,인천 제물포구 축항대로 234,,no_photo
세이브모텔,인천 제물포구 연안부두로21번길 11-7,,no_photo
명품텔레콤,경기 고양시 일산서구 일중로 59,,no_photo
세븐일레븐 일산강선마을1단지점,경기 고양시 일산서구 대산로 102,,no_photo
노량진로26길,서울 동작구 노량진로26길 61,,no_photo
건국빌딩,서울 종로구 인사동4길 17,,no_photo
에어조이,인천 영종구 공항로424번길 36,,no_photo
보산새마을금고 본점,경기 동두천시 평화로 2546,,no_photo
진용로,전북 진안군 용담면 월계리 산 49-2,,no_photo
줄포리,전북 부안군 줄포면 줄포1길 16,,no_photo
남부안농협 줄포지점,전북 부안군 줄포면 줄포7길 3,,no_photo
삼성마트,전북 부안군 줄포면 줄포중앙로 29,,no_photo
월드컵북로58길,서울 마포구 상암동 1703,,no_photo
경인로74길,서울 영등포구 경인로76길 14,,no_photo
광진어린이공연장,서울 광진구 능동로 400,,no_photo
센터필드 교차로,서울 강남구 역삼동 804,,no_photo
마리아유치원,인천 계양구 임학서로42번길 17,,no_photo
방아머리로,경기 안산시 단원구 대부북동,,no_photo
한도로,제주 서귀포시 성산읍 오조리 2-5,,no_photo
행운맨션,경기 성남시 중원구 희망로375번길 22,,no_photo
놀뫼시민장례원,충남 논산시 원댕이길 12,,no_photo
플레르다솔,서울 송파구 삼전로 85,,no_photo
에어로피스,경기 김포시 대곶면 천호로 210,,no_photo
우주공원.코스맥스 정류장,경기 성남시 분당구 판교로 255,,no_photo
유주별장,경기 양평군 단월면 통골길 24,,no_photo
타샤의아침,경기 양평군 용문면 연수로458번길 44,,no_photo
봉의산길,강원 춘천시 봉의산길 45,,no_photo
북아현치안센터,서울 서대문구 북아현로 59-1,,no_photo
국민기획,서울 중구 을지로18길 21,,no_photo
경일의료기,서울 종로구 종로 140,,no_photo
종로22길,서울 종로구 종로22길 12,,no_photo
한성전자,서울 종로구 종로22길 14-1,,no_photo
돈화문로4길,서울 종로구 돈화문로4길 23,,no_photo
수진사,서울 종로구 창신길 54,,no_photo
고산자로58길,서울 동대문구 고산자로58길 22,,no_photo
고산자로56길,서울 동대문구 고산자로56길 13-1,,no_photo
효령로31길,서울 서초구 효령로31길 36,,no_photo
금강아케이드,서울 강남구 압구정로29길 68,,no_photo
우현로62길,인천 제물포구 경동 208-12,,no_photo
세일제화,부산 금정구 반송로 476-15,,no_photo
대평남로,부산 영도구 대평남로 72,,no_photo
혜인선박,부산 영도구 대평남로51번길 8-5,,no_photo
남부민동,부산 서구 남부민동,,no_photo
노량진로6길,서울 동작구 노량진로6길 45,,no_photo
60계치킨 서울회기점,서울 동대문구 회기로 154,,no_photo
강동대로,서울 송파구 풍납동 468-5,,no_photo
홍지문2길(좌우반전),서울 서대문구 홍지문2길 31,,no_photo
개미마을,서울 서대문구 세검정로4길 127,,no_photo
노량진로26길,서울 동작구 노량진로26길 16-6,,no_photo
노량진로30길,서울 동작구 노량진로32길 68,,no_photo
노량진로32길,서울 동작구 노량진로26길 65,,no_photo
"부암동주민센터,무계원 정류장(01138)",서울 종로구 창의문로 145,,no_photo
자양로,서울 광진구 자양로 112,,no_photo
동국빌리지,인천 제물포구 신포로35번길 54,,no_photo
또와분식,인천 제물포구 송림로99번길 21,,no_photo
친구네포차,인천 미추홀구 인주대로 184,,no_photo
알짜마트,인천 미추홀구 경인로 51,,no_photo
대승주택,인천 미추홀구 독정안길 55-5,,no_photo
용현시민유통,인천 미추홀구 독정이로16번길 14,,no_photo
신안물류,경기 양주시 백석읍 고릉말로 117-10,,no_photo
파리바게뜨 덕계역점,경기 양주시 회천중앙로 248,,no_photo
회천중앙로,경기 양주시 회천중앙로 236,,no_photo
덕계로,경기 양주시 덕계동 899,,no_photo
주엽로,경기 고양시 일산서구 한류월드로 300,,no_photo
한류월드로(1),경기 고양시 일산동구 장항동 1763-1,,no_photo
한류월드로(2),경기 고양시 일산동구 장항동 1770,,no_photo
월드고양로,경기 고양시 일산동구 장항동 1811,,no_photo
베베,경기 고양시 일산동구 무궁화로 31-17,,no_photo
무궁화로,경기 고양시 일산동구 무궁화로 11,,no_photo
망양로689번길,부산 동구 망양로689번길 3,,no_photo
봉원고가차도,서울 서대문구 대신동 143-14,,no_photo
한양아파트 E동쪽,서울 영등포구 여의도동 4-2,,no_photo
현대타운빌라10동,서울 구로구 오류로 62-15,,no_photo
장문로49길,서울 용산구 장문로49길 75,,no_photo
상오빌딩,서울 중구 퇴계로41길 29,,no_photo
삼양로173길,서울 강북구 삼양로173길 38,,no_photo
송현공원로,인천 제물포구 송현동 22-127,,no_photo
우현로67번길,인천 제물포구 우현로67번길 19,,no_photo
연무고등학교,충남 논산시 연무읍 동안로887번길 5,,no_photo
수정약국앞,전북 군산시 대학로 10,,no_photo
성일설비사앞,전북 군산시 대학로 11-1,,no_photo
민방위대피소앞 정류소,전북 군산시 중앙로1가 25-10,,no_photo
흥국생명 정류장,전북 전주시 덕진구 팔달로 299,,no_photo
흥국금융가족빌딩,전북 전주시 완산구 팔달로 295,,no_photo
팔달로(1),전북 전주시 완산구 팔달로 147-2,,no_photo
칠보중학교,전북 정읍시 칠보면 검단1길 53,,no_photo
대성고등학교(폐교),전북 고창군 대산면 고산성로 17,,no_photo
중앙미용실,경북 안동시 일직면 중앙통길 10,,no_photo
성남이로46번길,부산 동구 성남이로46번길 10-2,,no_photo
제원3차아파트,제주 제주시 신광로6길 38,,no_photo
바람부는언덕,제주 서귀포시 대정읍 최남단해안로 548-98,,no_photo
하계2치안센터,서울 노원구 공릉로55길 96,,no_photo
서울노원경찰서,서울 노원구 노원로 283,,no_photo
중앙공인중개사사무소,서울 마포구 양화로7길 20,,no_photo
카나,서울 마포구 토정로 303,,no_photo
연희주택,서울 서대문구 연희동 541-16,,no_photo
첼시하우스,서울 서대문구 증가로2길 39,,no_photo
산호아파트C동,서울 용산구 원효로 64,,no_photo
제이큐브빌딩,서울 강남구 학동로44길 29,,no_photo
성심한의원,서울 마포구 숭문길 182,,no_photo
금성하이츠빌라,서울 용산구 두텁바위로 102,,no_photo
포맨인테리어,서울 용산구 한강대로 347,,no_photo
다나약국,서울 용산구 후암동 105-69,,no_photo
사창리터미널,강원특별자치도 화천군 사내면 사창리,,no_photo
오윤카페(한낮에 커피 달밤에 맥주),경상북도 포항시 북구 청하면 청하로200번길 6,,no_photo
구 장흥교도소,전남 장흥군 장흥읍 원도리 191,,no_photo
애신의 집,충남 논산시 연무읍 봉황로 90,,no_photo
한약방,충남 논산시 연무읍 봉황로 90,,no_photo
한성전기,충남 논산시 연무읍 봉황로 90,,no_photo
해드리오,충남 논산시 연무읍 봉황로 90,,no_photo
독일약국,서울 마포구 도화4길 19 지원빌딩 1층,,no_photo
GVO 안산본점,경기 안산시 상록구 석호공원로 73,,no_photo
원미상가아파트,경기 부천시 원미구 조마루로398번길 56,,no_photo
마성 오픈세트장,경북 문경시 마성면 가은로 311-18,,no_photo
군산 내항 철도,전라북도 군산시 장미동,,no_photo
홍제동 개미마을,서울특별시 서대문구 세검정로4길 100-58 일대,,no_photo
오동나무집사철탕,서울특별시 송파구 송파대로37길 4-29,,no_photo
원미상가아파트,경기도 부천시 조마루로398번길 56,,no_photo
증약터널,충북 옥천군 군북면 증약리 산 69-2,,no_photo
해찬나래지하차도,인천 영종구 중산동 1974,,no_photo
원앙네거리,대전 서구 관저북로 14,,no_photo
조선대학교 본관,광주광역시 동구 조선대길 146,,no_photo
한남대학교 사범대학,대전광역시 대덕구 한남로 70,,no_photo
한남대학교 탈메이지기념관,대전광역시 대덕구 한남로 70,,no_photo
테헤란로86길·명진빌딩 앞,서울특별시 강남구 테헤란로86길 10,,no_photo
덕만이터널,강원특별자치도 춘천시 신동면 혈동리 산 142,,no_photo
그랑시티 시그니처타워,경기 안산시 상록구 해양3로 15,,no_photo
월드컵북로48길,서울 마포구 상암동 36-28,,no_photo
국회대로76길,서울 영등포구 여의도동 11-17,,no_photo
왕십리로5길,서울 성동구 성수동1가 685-201,,no_photo
정희네(정희의 집·편의점),인천 제물포구 제물량로341번길 43,,no_photo
용연리마을(용두리),경북 문경시 문경읍 용연길 97-6,,no_photo
가람마루 전망대(건지마을 전망대),충북 충주시 동량면 조동리 산 180-14,,no_photo
바우뫼로41길,서울 서초구 양재동 7-1,,no_photo
마방로6길,서울 서초구 마방로6길 7-63,,no_photo
선고리 마을길,충북 제천시 덕산면 선고리 1708,,no_photo
감영길,충남 공주시 반죽동 170-1,,no_photo
서울영등포경찰서,서울 영등포구 국회대로 608,,no_photo
SMC신라메디컬의원,서울특별시 강남구 언주로 517,,no_photo
한국지도자아카데미,경기 시흥시 목감동 산8-1,,no_photo
매일절임식품,충남 홍성군 광천읍 옹암3길 28,,no_photo
도당고등학교,경기 부천시 원미구 삼작로256번길 53-3,,no_photo
더작심 김포걸포점,경기 김포시 걸포2로 33,,no_photo
영메이슨 도예 스튜디오,서울 마포구 연남동 257-3,,no_photo
창동리 농로,충남 보령시 남포면 창동리 421,,no_photo
문화마을 버스정류장,전남 담양군 수북면 풍수리 1077-1,,no_photo
노벨로,서울 영등포구 도림로 456,,no_photo
인하대학교 정석학술정보관,인천 미추홀구 인하로 100,,no_photo
이강분무교동낙지나라,서울 중랑구 면목로 302,,no_photo
문화살롱 클로드,인천 제물포구 신포로23번길 80,,no_photo
지노,경기 파주시 탄현면 새오리로 211-17,,no_photo
덕릉로 698 앞 횡단보도,서울 노원구 덕릉로 698 앞,,no_photo
리븐델게스트하우스,경기 가평군 청평면 고성리 21,,no_photo
의정부교도소,경기 의정부시 고산동 818,,no_photo
여유도예공방,전남 여수시 만성리길 53,,no_photo
홍대 와우산로27길,서울 마포구 와우산로27길,,no_photo
한온시스템 생활관(구 한라공조 생활관),대전 대덕구 신일서로 95,,no_photo
책마을 경기광주점,경기 광주시 중앙로145번길 25,,no_photo
대왕판교로644번길,경기 성남시 분당구 삼평동 667-7,,no_photo
삼일대로30길,서울 종로구 낙원동 10-2,,no_photo
숙명여자대학교 명신관,서울 용산구 청파로47길 100,,no_photo
의정부중앙초등학교,경기 의정부시 호국로1291번길 17,,no_photo
건양고등학교,충남 논산시 양촌면 황산벌로 486-21,,no_photo
마곡중앙로,서울 강서구 마곡중앙로,,no_photo
