id,image_url,matched_name,confidence
st_04137,https://lh3.googleusercontent.com/place-photos/AG9NLjD_Vtzkkh5toYEcasyD6FQs_6vhB4U68k_73jG1uIcbxvsARKSKroerMUKx4NTSJy4cH_Gb32KhBIm0uj6meTAcqokB1Nb7rrPJQNryfSuM5VQpYrO-JB6DsccqHqLrzF9DZQ-2wS_hFIebijg=s4800-w800,현대요트 서울지점,high
st_04143,https://lh3.googleusercontent.com/place-photos/AG9NLjBSpd7iOyNTWw-LkwigKQdFHWd_bCigZ4o7MkaZOiN-ZTnr3m_vC9fOilxoz9efCQxHewfzX4YXnattHRryRbKOdJFjXFOehA-G0uhtYcVi5uJQTnoGrni3_VMeqWgHkXesaliJYvpJkI24GQ=s4800-w800,Mondrian Seoul Itaewon,coord
st_04150,https://lh3.googleusercontent.com/place-photos/AG9NLjCzvyQw3Pg4V9cKWdM1NyPCivw3gzIF98VOK1WGvnY56qUz2Jb49hYD7hVk3AYZ6NxLeARaniB8t9bCi0243LjpU-oQ-zr9nGTU7u5hYXKbgg7MWeaCfOIy4XMuPrXq42UWblF8RJ4xkRrQ-g=s4800-w800,앰버서더 서울 더 라운지&바,coord
st_04157,,서울면남초등학교,high
st_04168,,양주예쓰병원,failed
st_04171,,식현1리마을회관,high
st_04172,,식현1리마을회관,high
st_04173,,예담장례식장,coord
st_04183,https://lh3.googleusercontent.com/place-photos/AG9NLjBY09NmLXU8dv5jQ6ASZj7AKTNNxsvTPb3_BH79CWZ_BeYIziQ16H9QwU-5lx80HfQPgAAakBeX6H3ku7D0T18Tud7M0swjkQFXFS7NZOgWJfv_0zXlExjqiTSUNFEY2blsUpCFYahq7If-INWpQa49HA=s4800-w800,하남돼지집 본점,coord
st_04184,https://lh3.googleusercontent.com/place-photos/AG9NLjBFOLIPQ1c3FtPXQHLPE4z7tuLXE3hc2tlfeROLO4Z2xy2yTj9WU_4t-bF4Z0aBermi4BLEd3clH2zqf8efpsvqKExM-vO3rxKkP6HunffQijmnMk-nC88W0J2QHis6Y4fsz2qo0LR2vMW6vdc=s4800-w800,비전빌리지유스호스텔,coord
st_04186,,동우여자고등학교,high
st_04193,https://lh3.googleusercontent.com/place-photos/AG9NLjDMd7DphJY-OenShBrcSurPzY-FUdKBYvvzT7M8Wfu9JFyO8mL9rJzRoC-ofoZyA1MOTgbLAGCnBytCnllsQfJq_wOhB4WEHNA8y9p8DQz52Wxhg3BsgxGQwy9nTw-WbZQb4g5Ciagvfbaf=s4800-w800,Prestige Biologics Campus 1,coord
st_04197,,내응새마을회관,high
st_04199,,한마음정육식당 충북대점,failed
st_04200,,,failed
st_04201,,,failed
st_04202,,이화동길33번길,high
st_04203,,이화동길33번길,mid
st_04204,,이화동길33번길,mid
st_04210,,용천루 출렁다리,failed
st_04211,,용천루 출렁다리,failed
st_04212,,1,mid
st_04213,,용연리,high
st_04214,,2,mid
st_04215,,2,mid
st_04216,,3,mid
st_04217,,4,mid
st_04218,,5,mid
st_04219,,6,mid
st_04220,,7,mid
st_04221,,8,mid
st_04229,,문희로,high
st_04231,,,failed
st_04235,,장군복싱클럽,high
st_04239,https://lh3.googleusercontent.com/place-photos/AG9NLjDUwx6nVYUKJ1AqjEyPcpf5z9YQXHp0CoBN5-n6-HOqR009_VDi5TFTeZIqfxyUazNzM65i2mgK1AyQ3FsVVNY-adjMPrCJinaBO0K91i6Q8oUB1atOucorD9JxdRCGxNfaD1ZPSDvcvKNqgDvhQ6V1xA=s4800-w800,Neptune Fountain,coord
st_04250,https://lh3.googleusercontent.com/place-photos/AG9NLjD5D2zdYUmYGZRuttse_cDYRmw56VE03-F78opa3n-f1A6RHTUK61IPoH5pgTR_Lz4goHm2JE8x7CFcFgsW9L9FcPBwg6ttieZjwUxTTiWTsG9Yh9skKNHVRUYwHifzRWihGTshWVnOzSILMQ=s4800-w800,Nikolassee,high
st_04261,https://lh3.googleusercontent.com/place-photos/AG9NLjAB7Y-Kc5Ckc6cpswZTEnPGOnoPkaz-9o1O6T7TjqVzbtj_4juDKKybyjpIMaU0rALNhpUFmJi72tEc2-ahoNh7DzOnkuRRtXP0qrhBufp5jQTB2EEMiUw8ZrX3A31jOx1zVOPDie9IzOGBlQ=s4800-w800,오버바움 다리,coord
st_04266,,Dircksenstraße 136,mid
st_05200,,순보석,high
st_05208,,인천서흥초등학교,failed
st_05209,,송림휴먼시아1단지아파트,high
st_05210,,금벨사,coord
st_05211,,파랑새피아노학원,mid
st_05212,https://lh3.googleusercontent.com/place-photos/AG9NLjBmkvzXjoc-esOnIhVvXJyWXMEoUs7eID-ISUv35NnAFTd98sD_SZwJlagqRpkIPEcUbgJ4pt5OQIJ1ZsH8ED3MoGLcw3EKTe1QfQsgH6Lpmludz7Y-H_8czpmbFpZl4hi78Mt___ZvKSMOoA=s4800-w800,인천광역시의료원,coord
st_05213,https://lh3.googleusercontent.com/place-photos/AG9NLjBmkvzXjoc-esOnIhVvXJyWXMEoUs7eID-ISUv35NnAFTd98sD_SZwJlagqRpkIPEcUbgJ4pt5OQIJ1ZsH8ED3MoGLcw3EKTe1QfQsgH6Lpmludz7Y-H_8czpmbFpZl4hi78Mt___ZvKSMOoA=s4800-w800,인천광역시의료원,high
st_05220,https://lh3.googleusercontent.com/place-photos/AG9NLjBKpX8WrajL48DkwQgY5xPX-7_xQdPOl3N4d0Dn0AbOyDXLZb-pqhcBnFBOZDXciQpwLfGadetlOtEegoN-Faf0titnAqA0DU0aaZMDkMb2-2um3r1R-owji9IicHuxXed75HqhiZRNBvbnpUA=s4800-w800,한샘마트 부개점,coord
st_05221,,광일세탁소,failed
st_05253,https://lh3.googleusercontent.com/place-photos/AG9NLjAZ8_YCUINofac_2y5FkUfZwuxG1qVimVnezMubhDolSeMuZUlNpKwiiDR587Vf51cVQ6aZyfnRp_WBqI7j3EgD1kcQj2cFKRl4O0Bd1sNkiZUU17Pg9GzARsjtEfHk_GcJrI_MXkEf4FXhZw=s4800-w800,달커피,high
st_05255,,창신골목시장,failed
st_05256,,창신집,failed
st_20356,,용연리,high
st_20357,https://lh3.googleusercontent.com/place-photos/AG9NLjCYWj_Qex0Wk4UMYdZWvk8Mn9Fr-UcDjjcX1u-eYiyYenlkgw1EhgvJlDSgr4z685JjPE-luoTV5SqG1P50gUJC_fU1WWx9DkLOIw7lrZOp8nsU9H-eDtpu6klTH5eUy7yiXhacJiF1Xz22RrE=s4800-w800,구랑리 철로 자전거,coord
st_20358,,가람마루 전망대,high
