rank,title_kr,title_en,wiki_article,views_12m
1,오징어게임,Squid Game,Squid Game,1423906
2,모범택시1,Taxi Driver,Taxi Driver,1300257
3,디어엠,Dear.M,Dear X (TV series),997067
4,친애하는X,Dear X,Dear X (TV series),997067
5,폭싹 속았수다,When Life Gives You Tangerines,When Life Gives You Tangerines,967232
6,북극성,Tempest,Tempest (TV series),758042
7,작은아씨들,Little Women,Little Women,756267
8,다이루어질지니,"Genie, Make a Wish","Genie, Make a Wish",731315
9,오징어게임3,Squid Game Season 3,Squid Game season 3,716828
10,조각도시,The Manipulated,The Manipulated,674666
11,지금우리학교는,All of Us Are Dead,All of Us Are Dead,605106
12,더글로리,The Glory,The Glory (TV series),592331
13,사랑의불시착,Crash Landing on You,Crash Landing on You,566836
14,아이돌아이,I Dol I,I Dol I,529464
15,월간남친,Boyfriend on Demand,Boyfriend on Demand,497577
16,트웰브,Twelve (TV series),Twelve (TV series),484097
17,러브미,Park Ji-hoon,Park Ji-hoon,458779
18,스프링피버,Spring Fever (TV series),Spring Fever (TV series),455432
19,초콜릿,Chocolate,Chocolate,454119
20,S라인,S Line (TV series),S Line (TV series),437261
21,눈물의여왕,Queen of Tears,Queen of Tears,426146
22,사냥개들2,Bloodhounds Season 2,Bloodhounds (TV series),415942
23,오징어게임2,Squid Game Season 2,Squid Game season 2,414893
24,반짝이는워터멜론,Twinkling Watermelon,Twinkling Watermelon,383514
25,선재업고튀어,Lovely Runner,Lovely Runner,373682
26,이상한변호사우영우,Extraordinary Attorney Woo,Extraordinary Attorney Woo,373661
27,신입사원강회장,Korean drama,Korean drama,366014
28,폭군의셰프,Korean drama,Korean drama,366014
29,도깨비,Guardian: The Lonely and Great God,Guardian: The Lonely and Great God,361147
30,사내맞선,Business Proposal,Business Proposal,354121
31,피노키오,Pinocchio,Pinocchio,354009
32,캐셔로,Cashero,Cashero,331768
33,응답하라1988,Reply 1988,Reply 1988,330745
34,내남편과결혼해줘,Marry My Husband,Marry My Husband,329827
35,맨끝줄소년,Choi Hyun-wook,Choi Hyun-wook,328809
36,모자무싸,We Are All Trying Here,We Are All Trying Here,322291
37,일타스캔들,Crash Course in Romance,Crash Course in Romance,319521
38,스위트홈2,Sweet Home Season 2,Sweet Home (TV series),317008
39,스위트홈3,Sweet Home Season 3,Sweet Home (TV series),317008
40,뉴토피아,Newtopia,Newtopia,308451
41,동궁,The East Palace,The East Palace,307490
42,프로보노,Pro Bono,Pro Bono,306815
43,킹더랜드,King the Land,King the Land,306437
44,트리거_넷플릭스,Trigger,Trigger Point (TV series),296126
45,악연,Karma,Karma,292940
46,스터디그룹,Study Group,Study Group (TV series),291233
47,킬러들의쇼핑몰,A Shop for Killers,A Shop for Killers,290514
48,세이렌,Siren's Kiss,Siren's Kiss,276046
49,스물다섯스물하나,Twenty-Five Twenty-One,Twenty-Five Twenty-One,267586
50,사이코지만괜찮아,It's Okay to Not Be Okay,It's Okay to Not Be Okay,264759
51,태양의후예,Descendants of the Sun,Descendants of the Sun,256489
52,연인,My Dearest,My Dearest,255670
53,낭만닥터김사부3,Dr. Romantic 3,Dr. Romantic,252177
54,기생충,Parasite,Parasitism,252139
55,마이유스,My Youth,My Youth,251499
56,광장,Mercy for None,Mercy for None,250788
57,클라이맥스,Climax (TV series),Climax (TV series),248276
58,이재곧죽습니다,Death's Game,Death's Game,244289
59,마이데몬,My Demon,My Demon,241640
60,슬기로운의사생활,Hospital Playlist,Hospital Playlist,229522
61,허수아비,The Scarecrow (TV series),The Scarecrow (TV series),229478
62,언젠가는 슬기로울 전공의생활,Resident Playbook,Resident Playbook,228695
63,엄마친구아들,Love Next Door,Love Next Door,223350
64,착한사나이,The Nice Guy,The Nice Guy,218304
65,서초동,Law and the City,Law and the City,208152
66,스피릿핑거스,Spirit Fingers (TV series),Spirit Fingers (TV series),201695
67,지옥에서 온 판사,The Judge from Hell,The Judge from Hell,197519
68,고백공격,Kim Do-hoon (actor),Kim Do-hoon (actor),194046
69,미지의서울,Our Unwritten Seoul,Our Unwritten Seoul,193916
70,조립식가족,Family by Choice,Family by Choice,193418
71,길복순,Kill Boksoon,Kill Boksoon,185875
72,야한사진관,Seungmin,Seungmin,185132
73,김비서가왜그럴까,What's Wrong with Secretary Kim,What's Wrong with Secretary Kim,183149
74,넘버스,Numbers,Numbers (TV series),183129
75,호텔델루나,Hotel del Luna,Hotel del Luna,176478
76,중증외상센터,The Trauma Code: Heroes on Call,The Trauma Code: Heroes on Call,175191
77,하이라키,Hierarchy,Hierarchy (TV series),174795
78,탁류,The Murky Stream,The Murky Stream,174464
79,닥터섬보이,Doctor on the Edge,Doctor on the Edge,174283
80,나의아저씨,My Mister,My Mister,168427
81,재벌집막내아들,Reborn Rich,Reborn Rich,167334
82,기억,Memory,Memory,166972
83,별에서온그대,My Love from the Star,My Love from the Star,165953
84,더킹,The King: Eternal Monarch,The King: Eternal Monarch,165472
85,언더커버하이스쿨,Undercover High School,Undercover High School,164329
86,웰컴투삼달리,Welcome to Samdal-ri,Welcome to Samdal-ri,163052
87,보물섬,Buried Hearts,Buried Hearts,162654
88,힘쎈여자강남순,Strong Girl Nam-soon,Strong Girl Nam-soon,160762
89,이태원클라쓰,Itaewon Class,Itaewon Class,160270
90,귀궁,The Haunted Palace,The Haunted Palace (TV series),156703
91,이번생도잘부탁해,See You in My 19th Life,See You in My 19th Life,149973
92,금쪽같은내스타,My Troublesome Star,My Troublesome Star,149214
93,선의의 경쟁,Friendly Rivalry,Friendly Rivalry,146401
94,알고있지만,Nevertheless,Nevertheless (TV series),145543
95,소용없어거짓말,My Lovely Liar,My Lovely Liar,145079
96,에스콰이어,Last Summer (TV series),Last Summer (TV series),138750
97,태풍상사,Last Summer (TV series),Last Summer (TV series),138750
98,당신의맛,Tastefully Yours,Tastefully Yours,137905
99,마스크걸,Mask Girl,Mask Girl,135112
100,손해보기싫어서,No Gain No Love,No Gain No Love,134876
