final_rank,title,title_en,in_kdramamap,n_sources,borda,mdl_rank,imdb_rank,pv_rank,match_method
1,폭싹 속았수다,When Life Gives You Tangerines,Y,3,284,1,13,5,별칭매칭
2,사랑의불시착,Crash Landing on You,Y,3,270,14,6,13,별칭매칭
3,더글로리,The Glory,Y,3,258,25,8,12,별칭매칭
4,이상한변호사우영우,Extraordinary Attorney Woo,Y,3,230,33,14,26,별칭매칭
5,응답하라1988,Reply 1988,Y,3,226,9,35,33,별칭매칭
6,반짝이는워터멜론,Twinkling Watermelon,Y,3,221,2,56,24,별칭매칭
7,선재업고튀어,Lovely Runner,Y,3,218,15,45,25,별칭매칭
8,도깨비,Guardian: The Lonely and Great God,Y,3,215,44,15,29,별칭매칭
9,사이코지만괜찮아,It's Okay to Not Be Okay,Y,3,210,36,7,50,별칭매칭
10,지금우리학교는,All of Us Are Dead,Y,3,191,98,3,11,별칭매칭
11,눈물의여왕,Queen of Tears,Y,3,186,72,24,21,별칭매칭
12,사내맞선,Business Proposal,Y,3,179,84,10,30,별칭매칭
13,스물다섯스물하나,Twenty Five Twenty One,Y,3,178,46,30,49,별칭매칭
14,이재곧죽습니다,Death's Game,Y,3,175,42,28,58,별칭매칭
15,모범택시1,Taxi Driver,Y,3,164,40,97,2,별칭매칭
16,나의아저씨,My Mister,Y,3,153,16,54,80,별칭매칭
17,슬기로운의사생활,Hospital Playlist,Y,3,149,11,83,60,별칭매칭
18,중증외상센터,The Trauma Code: Heroes on Call,Y,3,143,6,78,76,별칭매칭
19,킬러들의쇼핑몰,A Shop for Killers,Y,3,119,51,86,47,별칭매칭
20,오징어게임,Squid Game,Y,2,200,,1,1,별칭매칭
21,Alchemy of Souls,Alchemy of Souls,N,2,178,5,19,,미매칭(EN)
22,Weak Hero Class 1,Weak Hero Class 1,N,2,175,4,23,,미매칭(EN)
23,Vincenzo,Vincenzo,N,2,160,30,12,,미매칭(EN)
24,Flower of Evil,Flower of Evil,N,2,158,8,36,,미매칭(EN)
25,킹더랜드,King the Land,Y,2,157,,2,43,별칭매칭
26,Kingdom,Kingdom,N,2,152,45,5,,미매칭(EN)
27,무빙,Moving,Y,2,146,10,46,,별칭매칭
28,Teach You a Lesson,Teach You a Lesson,N,2,138,12,52,,미매칭(EN)
29,Mouse,Mouse,N,2,135,29,38,,미매칭(EN)
30,무브투헤븐,Move to Heaven,Y,2,133,3,66,,별칭매칭
31,Mr. Queen,Mr. Queen,N,2,131,18,53,,미매칭(EN)
32,연인,My Dearest,Y,2,130,20,,52,별칭매칭
33,태양의후예,Descendants of the Sun,Y,2,130,,21,51,별칭매칭
34,Sweet Home,Sweet Home,N,2,129,62,11,,미매칭(EN)
35,스터디그룹,Study Group,Y,2,124,32,,46,별칭매칭
36,Bloodhounds,Bloodhounds,N,2,124,61,17,,미매칭(EN)
37,Tomorrow,Tomorrow,N,2,116,38,48,,미매칭(EN)
38,Happiness,Happiness,N,2,114,37,51,,미매칭(EN)
39,Racket Boys,Racket Boys,N,2,114,70,18,,미매칭(EN)
40,My Name,My Name,N,2,113,80,9,,미매칭(EN)
41,마이데몬,My Demon,Y,2,111,,32,59,별칭매칭
42,다이루어질지니,"Genie, Make a Wish",Y,2,107,,87,8,별칭매칭
43,북극성,Tempest,Y,2,105,,91,6,별칭매칭
44,역도요정김복주,Weightlifting Fairy Kim Bok Joo,Y,2,104,57,41,,별칭매칭
45,Hometown Cha-Cha-Cha,Hometown Cha-Cha-Cha,N,2,104,78,20,,미매칭(EN)
46,김비서가왜그럴까,What's Wrong with Secretary Kim,Y,2,103,,26,73,별칭매칭
47,The Uncanny Counter,The Uncanny Counter,N,2,102,43,57,,미매칭(EN)
48,시그널,Signal,Y,2,97,34,71,,별칭매칭
49,내남편과결혼해줘,Marry My Husband,Y,2,95,,73,34,별칭매칭
50,작은아씨들,Little Women,Y,2,95,,100,7,별칭매칭
51,사냥개들2,Bloodhounds Season 2,Y,2,94,86,,22,별칭매칭
52,Mr. Sunshine,Mr. Sunshine,N,2,93,47,62,,미매칭(EN)
53,힐러,Healer,Y,2,93,48,61,,별칭매칭
54,Moon Lovers: Scarlet Heart Ryeo,Moon Lovers: Scarlet Heart Ryeo,N,2,88,59,55,,미매칭(EN)
55,호텔델루나,Hotel Del Luna,Y,2,88,,39,75,별칭매칭
56,피노키오,Pinocchio,Y,2,87,,84,31,별칭매칭
57,이태원클라쓰,Itaewon Class,Y,2,86,,27,89,별칭매칭
58,더킹,The King: Eternal Monarch,Y,2,85,,33,84,별칭매칭
59,D.P.,D.P.,N,2,82,50,70,,미매칭(EN)
60,뉴토피아,Newtopia,Y,2,82,,80,40,별칭매칭
61,언젠가는 슬기로울 전공의생활,Resident Playbook,Y,2,80,60,,62,별칭매칭
62,비밀의숲,Stranger,Y,2,75,55,72,,별칭매칭
63,미지의서울,Our Unwritten Seoul,Y,2,64,69,,69,별칭매칭
64,엄마친구아들,Love Next Door,Y,2,62,,77,63,별칭매칭
65,광장,Mercy for None,Y,2,61,,85,56,별칭매칭
66,당신이잠든사이에,While You Were Sleeping,Y,2,54,81,67,,별칭매칭
67,조립식가족,Family by Choice,Y,2,49,83,,70,별칭매칭
68,지옥에서 온 판사,The Judge from Hell,Y,2,45,90,,67,별칭매칭
69,알고있지만,Nevertheless,Y,2,45,,63,94,별칭매칭
70,이번생도잘부탁해,See You in My 19th Life,Y,2,37,,74,91,별칭매칭
71,웰컴투삼달리,Welcome to Samdalri,Y,2,26,,90,86,별칭매칭
72,마스크걸,Mask Girl,Y,2,21,,82,99,별칭매칭
73,디어엠,Dear.M,Y,1,98,,,3,kr직접
74,지금거신전화는,When the Phone Rings,Y,1,97,,4,,별칭매칭
75,친애하는X,Dear X,Y,1,97,,,4,kr직접
76,Hospital Playlist Season 2,Hospital Playlist Season 2,N,1,94,7,,,미매칭(EN)
77,오징어게임3,Squid Game Season 3,Y,1,92,,,9,kr직접
78,조각도시,The Manipulated,Y,1,91,,,10,kr직접
79,Under the Queen's Umbrella,Under the Queen's Umbrella,N,1,88,13,,,미매칭(EN)
80,아이돌아이,I Dol I,Y,1,87,,,14,kr직접
81,월간남친,Boyfriend on Demand,Y,1,86,,,15,kr직접
82,Hellbound,Hellbound,N,1,85,,16,,미매칭(EN)
83,트웰브,Twelve (TV series),Y,1,85,,,16,kr직접
84,The Glory Part 2,The Glory Part 2,N,1,84,17,,,미매칭(EN)
85,러브미,Park Ji-hoon,Y,1,84,,,17,kr직접
86,스프링피버,Spring Fever (TV series),Y,1,83,,,18,kr직접
87,슬기로운감빵생활,Prison Playbook,Y,1,82,19,,,별칭매칭
88,초콜릿,Chocolate,Y,1,82,,,19,kr직접
89,S라인,S Line (TV series),Y,1,81,,,20,kr직접
90,Mother,Mother,N,1,80,21,,,미매칭(EN)
91,Alchemy of Souls Season 2: Light and Shadow,Alchemy of Souls Season 2: Light and Shadow,N,1,79,22,,,미매칭(EN)
92,The Silent Sea,The Silent Sea,N,1,79,,22,,미매칭(EN)
93,Taxi Driver Season 2,Taxi Driver Season 2,N,1,78,23,,,미매칭(EN)
94,오징어게임2,Squid Game Season 2,Y,1,78,,,23,kr직접
95,나쁜엄마,The Good Bad Mother,Y,1,77,24,,,별칭매칭
96,여신강림,True Beauty,Y,1,76,,25,,별칭매칭
97,나빌레라,Navillera,Y,1,75,26,,,별칭매칭
98,My Dearest Part 2,My Dearest Part 2,N,1,74,27,,,미매칭(EN)
99,신입사원강회장,Korean drama,Y,1,74,,,27,kr직접
100,Dr. Romantic Season 3,Dr. Romantic Season 3,N,1,73,28,,,미매칭(EN)
101,폭군의셰프,Korean drama,Y,1,73,,,28,kr직접
102,Strong Girl Bong-soon,Strong Girl Bong-soon,N,1,72,,29,,미매칭(EN)
103,Kingdom Season 2,Kingdom Season 2,N,1,70,31,,,미매칭(EN)
104,The 8 Show,The 8 Show,N,1,70,,31,,미매칭(EN)
105,캐셔로,Cashero,Y,1,69,,,32,kr직접
106,My Love from Another Star,My Love from Another Star,N,1,67,,34,,미매칭(EN)
107,약한영웅2,Weak Hero Class 2,Y,1,66,35,,,별칭매칭
108,맨끝줄소년,Choi Hyun-wook,Y,1,66,,,35,kr직접
109,모자무싸,We Are All Trying Here,Y,1,65,,,36,kr직접
110,스타트업,Start-Up,Y,1,64,,37,,별칭매칭
111,일타스캔들,Crash Course in Romance,Y,1,64,,,37,kr직접
112,스위트홈2,Sweet Home Season 2,Y,1,63,,,38,kr직접
113,Death's Game Part 2,Death's Game Part 2,N,1,62,39,,,미매칭(EN)
114,스위트홈3,Sweet Home Season 3,Y,1,62,,,39,kr직접
115,W,W,Y,1,61,,40,,미매칭(EN)
116,Partners for Justice Season 2,Partners for Justice Season 2,N,1,60,41,,,미매칭(EN)
117,동궁,The East Palace,Y,1,60,,,41,kr직접
118,Boys Over Flowers,Boys Over Flowers,N,1,59,,42,,미매칭(EN)
119,프로보노,Pro Bono,Y,1,59,,,42,kr직접
120,Gyeongseong Creature,Gyeongseong Creature,N,1,58,,43,,미매칭(EN)
121,기생수더그레이,Parasyte: The Grey,Y,1,57,,44,,별칭매칭
122,트리거_넷플릭스,Trigger,Y,1,57,,,44,kr직접
123,악연,Karma,Y,1,56,,,45,kr직접
124,Heirs,Heirs,N,1,54,,47,,미매칭(EN)
125,세이렌,Siren's Kiss,Y,1,53,,,48,kr직접
126,정신병동에도아침이와요,Daily Dose of Sunshine,Y,1,52,49,,,별칭매칭
127,Snowdrop,Snowdrop,N,1,52,,49,,미매칭(EN)
128,Legend of the Blue Sea,Legend of the Blue Sea,N,1,51,,50,,미매칭(EN)
129,구미호뎐1938,Tale of the Nine-Tailed 1938,Y,1,49,52,,,별칭매칭
130,Dr. Romantic Season 2,Dr. Romantic Season 2,N,1,48,53,,,미매칭(EN)
